title,author,,publisher, page_count,,publication_date
Harry Potter and the Half-Blood Prince (Harry Potter  #6),J.K. Rowling/Mary GrandPré,,Scholastic Inc.,652,,9/16/2006
Harry Potter and the Order of the Phoenix (Harry Potter  #5),J.K. Rowling/Mary GrandPré,,Scholastic Inc.,870,,9/1/2004
Harry Potter and the Chamber of Secrets (Harry Potter  #2),J.K. Rowling,,Scholastic,352,,11/1/2003
Harry Potter and the Prisoner of Azkaban (Harry Potter  #3),J.K. Rowling/Mary GrandPré,,Scholastic Inc.,435,,5/1/2004
Harry Potter Boxed Set  Books 1-5 (Harry Potter  #1-5),J.K. Rowling/Mary GrandPré,,Scholastic,2690,,9/13/2004
"Unauthorized Harry Potter Book Seven News: ""Half-Blood Prince"" Analysis and Speculation",W. Frederick Zimmerman,,Nimble Books,152,,4/26/2005
Harry Potter Collection (Harry Potter  #1-6),J.K. Rowling,,Scholastic,3342,,9/12/2005
The Ultimate Hitchhiker's Guide: Five Complete Novels and One Story (Hitchhiker's Guide to the Galaxy  #1-5),Douglas Adams,,Gramercy Books,815,,11/1/2005
The Ultimate Hitchhiker's Guide to the Galaxy (Hitchhiker's Guide to the Galaxy  #1-5),Douglas Adams,,Del Rey Books,815,,4/30/2002
The Hitchhiker's Guide to the Galaxy (Hitchhiker's Guide to the Galaxy  #1),Douglas Adams,,Crown,215,,8/3/2004
The Hitchhiker's Guide to the Galaxy (Hitchhiker's Guide to the Galaxy  #1),Douglas Adams/Stephen Fry,,Random House Audio,6,,3/23/2005
The Ultimate Hitchhiker's Guide (Hitchhiker's Guide to the Galaxy  #1-5),Douglas Adams,,Wings Books,815,,1/17/1996
A Short History of Nearly Everything,Bill Bryson,,Broadway Books,544,,9/14/2004
Bill Bryson's African Diary,Bill Bryson,,Broadway Books,55,,12/3/2002
Bryson's Dictionary of Troublesome Words: A Writer's Guide to Getting It Right,Bill Bryson,,Broadway Books,256,,9/14/2004
In a Sunburned Country,Bill Bryson,,Broadway Books,335,,5/15/2001
I'm a Stranger Here Myself: Notes on Returning to America After Twenty Years Away,Bill Bryson,,Broadway Books,304,,6/28/2000
The Lost Continent: Travels in Small Town America,Bill Bryson,,William Morrow Paperbacks,299,,8/28/1990
Neither Here nor There: Travels in Europe,Bill Bryson,,William Morrow Paperbacks,254,,3/28/1993
Notes from a Small Island,Bill Bryson,,William Morrow Paperbacks,324,,5/28/1997
The Mother Tongue: English and How It Got That Way,Bill Bryson,,William Morrow Paperbacks,270,,9/28/1991
J.R.R. Tolkien 4-Book Boxed Set: The Hobbit and The Lord of the Rings,J.R.R. Tolkien,,Ballantine Books,1728,,9/25/2012
The Lord of the Rings (The Lord of the Rings  #1-3),J.R.R. Tolkien,,Houghton Mifflin Harcourt,1184,,10/21/2004
The Fellowship of the Ring (The Lord of the Rings  #1),J.R.R. Tolkien,,Houghton Mifflin Harcourt,398,,9/5/2003
The Lord of the Rings (The Lord of the Rings  #1-3),J.R.R. Tolkien/Alan  Lee,,Houghton Mifflin Harcourt,1216,,10/1/2002
The Lord of the Rings: Weapons and Warfare,Chris   Smith/Christopher  Lee/Richard Taylor,,Houghton Mifflin Harcourt,218,,11/5/2003
The Lord of the Rings: Complete Visual Companion,Jude Fisher,,Houghton Mifflin Harcourt,224,,11/15/2004
Agile Web Development with Rails: A Pragmatic Guide,Dave Thomas/David Heinemeier Hansson/Leon Breedt/Mike Clark/Thomas  Fuchs/Andreas  Schwarz,,Pragmatic Bookshelf,558,,7/28/2005
Hatchet (Brian's Saga  #1),Gary Paulsen,,Atheneum Books for Young Readers: Richard Jackson Books,208,,4/1/2000
"Hatchet: A Guide for Using ""Hatchet"" in the Classroom",Donna Ickes/Edward Sciranko/Keith Vasconcelles,,Teacher Created Resources,48,,8/28/1994
Guts: The True Stories behind Hatchet and the Brian Books,Gary Paulsen,,Delacorte Press,144,,1/23/2001
Molly Hatchet - 5 of the Best,Molly Hatchet,,Cherry Lane Music Company,56,,6/10/2003
Hatchet Jobs: Writings on Contemporary Fiction,Dale Peck,,The New Press,228,,11/1/2005
A Changeling for All Seasons (Changeling Seasons #1),Angela Knight/Sahara Kelly/Judy Mays/Marteeka Karland/Kate Douglas/Shelby Morgen/Lacey Savage/Kate Hill/Willa Okati,,Changeling Press,304,,11/1/2005
Changeling (Changeling  #1),Delia Sherman,,Viking Juvenile,256,,8/17/2006
The Changeling Sea,Patricia A. McKillip,,Firebird,137,,4/14/2003
The Changeling,Zilpha Keatley Snyder,,iUniverse,228,,6/8/2004
The Changeling,Kate Horsley,,Shambhala,339,,4/12/2005
The Changeling (Daughters of England  #15),Philippa Carr,,Ivy Books,369,,8/28/1990
The Known World,Edward P. Jones,,Amistad,388,,8/29/2006
The Known World,Edward P. Jones/Kevin R. Free,,HarperAudio,14,,6/15/2004
The Known World,Edward P. Jones,,Harper,576,,6/15/2004
Traders  Guns & Money: Knowns and Unknowns in the Dazzling World of Derivatives,Satyajit Das,,FT Press,334,,5/15/2006
Artesia: Adventures in the Known World,Mark Smylie,,Archaia,352,,12/14/2005
The John McPhee Reader (John McPhee Reader  #1),John McPhee/William Howarth,,Farrar  Straus and Giroux,416,,6/1/1982
Uncommon Carriers,John McPhee,,Farrar Straus Giroux,248,,5/16/2006
Heirs of General Practice,John McPhee,,Farrar  Straus and Giroux,128,,4/1/1986
The Control of Nature,John McPhee,,Farrar  Straus and Giroux,288,,9/1/1990
Annals of the Former World,John McPhee,,Farrar  Straus and Giroux,720,,1/6/1999
Coming Into the Country,John McPhee,,Farrar  Straus and Giroux,448,,4/1/1991
La Place de la Concorde Suisse,John McPhee,,Farrar  Straus and Giroux,160,,4/1/1994
Giving Good Weight,John McPhee,,Farrar  Straus and Giroux,288,,4/1/1994
Rising from the Plains,John McPhee,,Farrar  Straus and Giroux,208,,11/1/1987
The Heidi Chronicles,Wendy Wasserstein,,Dramatists Play Service,81,,3/1/2002
The Heidi Chronicles: Uncommon Women and Others & Isn't It Romantic,Wendy Wasserstein,,Vintage,249,,7/2/1991
Active Literacy Across the Curriculum: Strategies for Reading  Writing  Speaking  and Listening,Heidi Hayes Jacobs,,Routledge,138,,3/29/2006
Simply Beautiful Beaded Jewelry,Heidi Boyd,,North Light Books,128,,3/14/2006
Always Enough: God's Miraculous Provision Among the Poorest Children on Earth,Heidi Baker/Rolland Baker,,Chosen Books,192,,9/1/2003
Mapping the Big Picture: Integrating Curriculum & Assessment K-12,Heidi Hayes Jacobs,,Association for Supervision & Curriculum Development,108,,1/28/1997
Heidi (Heidi  #1-2),Johanna Spyri/Beverly Cleary/Angelo  Rinaldi,,Kingfisher,352,,11/15/2002
Getting Results with Curriculum Mapping,Heidi Hayes Jacobs,,ASCD,192,,11/15/2004
There's Always Enough: The Miraculous Move of God in Mozambique,Rolland Baker/Heidi Baker,,Sovereign World,192,,4/28/2003
What to Expect the First Year (What to Expect),Heidi Murkoff/Sharon Mazel/Arlene Eisenberg/Sandee Hathaway/Mark D. Widome,,Workman Publishing Company,832,,10/16/2003
The Player's Handbook: The Ultimate Guide on Dating and Relationships,Heidi Fleiss/Libby Keatinge,,One Hour Entertainment,123,,5/10/2004
Simply Beautiful Beading: 53 Quick and Easy Projects,Heidi Boyd,,North Light Books,128,,8/19/2004
God Emperor of Dune (Dune Chronicles  #4),Frank Herbert,,Ace Books,423,,6/15/1987
Chapterhouse: Dune (Dune Chronicles #6),Frank Herbert,,Ace Books,436,,7/1/1987
Dune Messiah (Dune Chronicles #2),Frank Herbert,,Ace Books,331,,7/15/1987
Dreamer of Dune: The Biography of Frank Herbert,Brian Herbert,,Tor Books,592,,7/1/2004
Heretics of Dune (Dune Chronicles  #5),Frank Herbert,,Putnam,480,,4/16/1984
The Road to Dune,Frank Herbert/Brian Herbert/Kevin J. Anderson,,Tor Science Fiction,426,,8/29/2006
Heretics of Dune (Dune Chronicles #5),Frank Herbert,,Ace Books,471,,8/15/1987
The Lord of the Rings: The Art of the Fellowship of the Ring,Gary Russell,,Houghton Mifflin Harcourt,192,,6/12/2002
The Power of One (The Power of One  #1),Bryce Courtenay,,Ballantine Books,544,,9/29/1996
The Power of One (The Power of One  #1),Bryce Courtenay,,Delacorte Books for Young Readers,291,,9/13/2005
The Power of One: One Person  One Rule  One Month,John C. Maxwell/Stephen R. Graves/Thomas G. Addington,,Thomas Nelson,256,,11/1/2004
Power of an Hour: Business and Life Mastery in One Hour a Week,Dave Lakhani,,Wiley,205,,5/19/2006
The Power of One: The Solo Play for Playwrights  Actors  and Directors,Louis E. Catron,,Heinemann Drama,240,,2/7/2000
How to Buy  Sell & Profit on eBay: Kick-Start Your Home-Based Business in Just Thirty Days,Adam Ginsberg,,William Morrow Paperbacks,336,,5/3/2005
eBay for Dummies,Marsha Collier,,Wiley,386,,10/30/2006
What to Sell on ebay and Where to Get It: The Definitive Guide to Product Sourcing for eBay and Beyond,Chris Malta/Lisa Suttora,,McGraw-Hill,260,,1/24/2006
Starting an eBay Business for Dummies,Marsha Collier,,Wiley,384,,9/17/2004
eBay: Top 100 Simplified Tips & Tricks,Julia Wilkinson,,Wiley,260,,6/6/2006
ebay Timesaving Techniques for Dummies,Marsha Collier,,Wiley,391,,5/31/2004
eBay Business All-in-One Desk Reference for Dummies,Marsha Collier,,Wiley,864,,4/25/2005
Ruby Cookbook,Lucas Carlson/Leonard Richardson,,O'Reilly Media,873,,7/29/2006
Ruby Ann's Down Home Trailer Park Cookbook,Ruby Ann Boxcar,,Citadel,240,,5/3/2005
Ruby Ann's Down Home Trailer Park BBQin' Cookbook,Ruby Ann Boxcar,,Citadel,206,,5/3/2005
Rails Cookbook: Recipes for Rapid Web Development with Ruby,Rob Orsini,,O'Reilly Media,514,,1/1/2007
Anna Karenina,Leo Tolstoy/Richard Pevear/Larissa Volokhonsky,,Penguin Classics,838,,5/31/2004
Anna Karenina,Leo Tolstoy/David Magarshack/Priscilla Meyer,,Signet,960,,11/5/2002
Anna Karenina,Leo Tolstoy/Richard Pevear/Larissa Volokhonsky/John Bayley,,Penguin Books,837,,1/30/2003
CliffsNotes on Tolstoy's Anna Karenina,Marianne Sturman/Leo Tolstoy,,Cliffs Notes,80,,11/26/1965
Anna Karenina,Leo Tolstoy/Amy Mandelker/Constance Garnett,,Barnes & Noble Classics,803,,7/1/2003
Anna Karenina,Leo Tolstoy/Louise Maude/Aylmer Maude,,Dover Publications,752,,11/23/2004
Anna Karenina,Leo Tolstoy/Constance Garnett/Amy Mandelker,,Barnes & Noble,803,,8/26/2004
Dinner with Anna Karenina,Gloria Goldreich,,Mira Books,360,,1/28/2006
Tolstoy: Anna Karenina,Anthony Thorlby,,Cambridge University Press,128,,11/26/1987
Untouchable,Mulk Raj Anand/E.M. Forster,,Penguin Books,160,,7/3/1990
The Untouchable,John Banville,,Vintage,367,,6/30/1998
The Untouchables,Eliot Ness/Oscar Fraley,,Buccaneer Books,256,,2/1/1996
Untouchables: My Family's Triumphant Journey Out of the Caste System in Modern India,Narendra Jadhav,,Scribner,320,,9/27/2005
Dalit: The Black Untaouchables of India,V.T. Rajshekar/Y.N. Kly,,Clarity Press,100,,1/28/1995
Growing Up Untouchable in India: A Dalit Autobiography,Vasant Moon/Gail Omvedt/Eleanor Zelliot,,Rowman & Littlefield Publishers,224,,12/20/2000
The Evidence-Based Social Work Skills Book,Barry R. Cournoyer,,Pearson,216,,9/22/2003
"A Wrinkle in Time: A Guide for Using ""A Wrinkle in Time"" in the Classroom",John Carratello/Patty Carratello/Theresa Wright,,Teacher Created Resources,48,,9/28/1991
Wrinkles in Time,George Smoot/Keay Davidson,,Harper Perennial,360,,10/1/1994
A Wrinkle in Time: With Related Readings (A Wrinkle in Time Quintet #1),Madeleine L'Engle,,EMC/Paradigm Publishing,250,,5/1/2002
Literature Circle Guide: A Wrinkle in Time,Tara MacCarthy,,Teaching Resources,32,,1/1/2002
Una arruga en el tiempo – A Wrinkle in Time,Madeleine L'Engle,,Turtleback Books,205,,6/1/1984
The Long Shadow (The Morland Dynasty  #6),Cynthia Harrod-Eagles,,Little  Brown Book Group,367,,6/1/1994
A Long Shadow (Inspector Ian Rutledge  #8),Charles Todd,,William Morrow,352,,1/3/2006
Long Way Round: Chasing Shadows Across the World,Ewan McGregor/Charley Boorman/Robert Uhlig,,Atria Books,320,,11/1/2005
A Shadow in Summer (Long Price Quartet  #1),Daniel Abraham,,Tor Books,331,,3/7/2006
New Hope for the Dead (Hoke Mosely #2),Charles Willeford/James Lee Burke,,Vintage Crime/Black Lizard,244,,8/10/2004
Sideswipe: A Hoke Moseley Novel,Charles Willeford/Lawrence Block,,Vintage Crime/Black Lizard,215,,3/8/2005
Miami Blues (Hoke Moseley #1),Charles Willeford/Elmore Leonard,,Vintage Crime/Black Lizard,191,,8/10/2004
The Burnt Orange Heresy (Vintage Crime/Black Lizard),Charles Willeford,,Vintage,144,,10/3/1990
I am Charlotte Simmons,Tom Wolfe,,Picador USA,738,,8/30/2005
Poetry for Young People: Edward Lear,Edward Lear/Laura Huliska-Beith/Edward Mendelson,,Sterling,48,,10/1/2001
The Puffin Book of Nonsense Verse,Quentin Blake,,Puffin,287,,10/3/1996
Henry Miller on Writing,Henry Miller/Thomas H. Moore,,New Directions Publishing,217,,2/1/1964
Quiet Days in Clichy,Henry Miller,,Grove Press,154,,1/13/1994
Tropic of Cancer,Henry Miller/Jiří Níl,,Grove Press,318,,1/6/1994
Tropic of Capricorn,Henry Miller,,Grove Press,348,,1/13/1994
Nexus (The Rosy Crucifixion  #3),Henry Miller,,Grove Press,316,,1/13/1994
Sexus (The Rosy Crucifixion  #1),Henry Miller,,Grove Press,506,,1/12/1994
The Air-Conditioned Nightmare,Henry Miller,,New Directions,292,,1/17/1970
The Portrait of a Lady,Henry James/Patricia Crick,,Penguin Classics,797,,9/30/2003
The Portrait of a Lady,Henry James/Gabriel Brownstein/Mary Cregan,,Barnes  Noble Classics,635,,1/16/2004
Writing,Marguerite Duras,,Brookline Books,91,,5/6/1999
The War,Marguerite Duras/Barbara Bray,,The New Press,192,,8/1/1994
The Ravishing of Lol Stein,Marguerite Duras/Richard Seever,,Pantheon,181,,3/12/1986
Love Letters,Kahlil Gibran/Suheil Bushrui/Salma H. Al-Kuzbari,,One World (UK),178,,7/1/1999
Kahlil Gibran: His Life and World,Jean Gibran/جبران خليل جبران/Kahlil Gibran,,Interlink Publishing Group,464,,4/1/1998
The Beloved: Reflections on the Path of the Heart,Kahlil Gibran/John Walbridge/Robin Waterfield,,Penguin Books,102,,1/1/1998
Jesus the Son of Man,Kahlil Gibran/جبران خليل جبران,,Knopf,216,,2/21/1995
The Broken Wings,Kahlil Gibran/جبران خليل جبران/Anthony Rizcallah Ferris,,Citadel,132,,3/3/2003
Sand and Foam,Kahlil Gibran/جبران خليل جبران,,Knopf,100,,6/14/2011
Treasure Island,Robert Louis Stevenson,,Kingfisher,311,,9/15/2001
Treasure Island,Robert Louis Stevenson/Scott McKowen,,Sterling Children's Books,213,,10/1/2004
Treasure Island,Robert Louis Stevenson,,Simon & Schuster,245,,6/1/2005
Treasure Island,Robert Louis Stevenson/N.C. Wyeth/Timothy Meis,,Atheneum Books for Young Readers,64,,7/1/2003
Treasure Island,Robert Louis Stevenson/Milo Winter,,Gramercy Books,272,,9/3/2002
Treasure Island (Great Illustrated Classics),Deidre S. Laiken/A.J. McAllister/Robert Louis Stevenson,,Abdo Publishing Company,232,,1/31/2006
100 Years of Lynchings,Ralph Ginzburg,,Black Classic Press,270,,11/22/1996
Cien años de soledad,Gabriel García Márquez,,French & European,448,,1/1/1990
On Beyond Zebra!,Dr. Seuss,,Random House Books for Young Readers,64,,9/12/1955
The Wedding Clause,Debbie Raleigh,,Zebra,256,,6/7/2005
The Zebra Wall,Kevin Henkes,,Greenwillow Books,147,,2/15/2005
El perfume: Historia de un asesino,Patrick Süskind,,Booket,239,,6/1/2002
The Door Into Summer,Robert A. Heinlein,,Del Rey,304,,6/17/1997
Stranger in a Strange Land,Robert A. Heinlein,,Ace,528,,10/1/1991
To Sail Beyond the Sunset,Robert A. Heinlein,,Ace Books,434,,6/1/1988
Job: A Comedy of Justice,Robert A. Heinlein,,Del Rey,439,,10/12/1985
Time for the Stars (Heinlein's Juveniles  #10),Robert A. Heinlein,,Tor Books,256,,8/8/2006
The Long Dark Tea-Time of the Soul (Dirk Gently  #2),Douglas Adams,,Pocket Books,307,,2/15/1991
The Salmon of Doubt (Dirk Gently  #3),Douglas Adams,,Del Rey,298,,4/26/2005
Wish You Were Here: The Official Biography of Douglas Adams,Nick  Webb,,Del Rey,368,,12/27/2005
Douglas Adams's Starship Titanic,Terry Jones,,Ballantine Books,256,,10/27/1998
Salmon of Doubt: Hitchhiking the Galaxy One Last Time,Douglas Adams/Christopher Cerf,,Turtleback Books,336,,7/1/2003
The Phantom Tollbooth: A Children's Play in Two Acts,Susan Nanus/Norton Juster,,Samuel French  Inc.,72,,1/12/2011
On Bullshit,Harry G. Frankfurt,,Princeton University Press,67,,1/30/2005
Another Bullshit Night in Suck City,Nick Flynn,,W. W. Norton & Company,347,,9/12/2005
Lincoln at Gettysburg: The Words That Remade America,Garry Wills,,Simon & Schuster,317,,6/12/1993
The Gettysburg Address,Abraham Lincoln/Michael McCurdy,,HMH Books for Young Readers,32,,2/2/1998
Underworld,Don DeLillo,,Scribner,827,,7/9/1998
Libra,Don DeLillo,,Penguin,480,,5/1/1991
Americana,Don DeLillo,,Penguin Books,377,,7/6/1989
Running Dog,Don DeLillo,,Vintage Contemporaries,256,,7/17/1989
Cosmopolis,Don DeLillo,,Scribner,224,,4/6/2004
Great Jones Street,Don DeLillo,,Penguin Books,272,,1/1/1994
The Names,Don DeLillo,,Vintage,339,,7/17/1989
Against the Day,Thomas Pynchon,,Penguin Press,1085,,11/21/2006
V.,Thomas Pynchon,,Harper Perennial Modern Classics,547,,7/5/2005
The Crying of Lot 49,Thomas Pynchon,,Harper Perennial,152,,4/1/1999
Gravity's Rainbow,Thomas Pynchon,,Penguin Books,784,,1/1/2000
Mason & Dixon,Thomas Pynchon/Christophe Claro/Brice Matthieussent,,Picador USA,773,,1/3/2004
Vineland,Thomas Pynchon,,Penguin Classics,385,,9/1/1997
Gravity's Rainbow,Thomas Pynchon,,Penguin Books,776,,10/31/2006
Slow Learner: Early Stories,Thomas Pynchon,,Back Bay Books,193,,4/30/1985
Been Down So Long It Looks Like Up To Me,Richard Fariña/Thomas Pynchon,,Penguin Classics,352,,8/29/1996
The Year of Magical Thinking,Joan Didion,,Knopf Publishing Group,227,,10/4/2005
The White Album,Joan Didion,,Farrar Straus Giroux,222,,10/1/1990
A Book of Common Prayer,Joan Didion,,Vintage International,272,,4/11/1995
Where I Was From,Joan Didion,,Vintage,240,,9/14/2004
Slouching Towards Bethlehem,Joan Didion,,Farrar Straus Giroux,238,,10/1/1990
Democracy,Joan Didion,,Vintage International,234,,4/25/1995
We Tell Ourselves Stories in Order to Live: Collected Nonfiction,Joan Didion/John Leonard,,Everyman's Library,1122,,10/17/2006
Play It As It Lays,Joan Didion/David Thomson,,Farrar  Straus and Giroux,231,,11/15/2005
The New York Trilogy,Paul Auster/Art Spiegelman/Luc Sante,,Penguin Classics,308,,3/28/2006
City of Glass (The New York Trilogy  #1),Paul Auster,,Penguin Books,203,,4/7/1987
Ghosts (The New York Trilogy  #2),Paul Auster,,Penguin Books,96,,7/7/1987
The Locked Room (The New York Trilogy  #3),Paul Auster,,Sun and Moon Press,179,,11/1/1986
Pyramids of Montauk: Explorations in Consciousness,Peter Moon/Preston B. Nichols/Nina Helms,,Sky Books (NY),256,,1/1/1995
The Brooklyn Follies,Paul Auster,,Picador,306,,10/17/2006
Moon Palace,Paul Auster,,Penguin Books,320,,4/1/1990
The Music of Chance,Paul Auster,,Penguin Books,217,,12/1/1991
Travels in the Scriptorium,Paul Auster,,Henry Holt & Company,145,,1/23/2007
Leviathan,Paul Auster,,Penguin Books,275,,9/1/1993
The Red Notebook: True Stories,Paul Auster,,New Directions,104,,6/17/2002
Timbuktu / Leviathan / Moon Palace,Paul Auster,,Actes Sud,1075,,11/7/2002
Collapse: How Societies Choose to Fail or Succeed,Jared Diamond,,Penguin Books Ltd. (London),608,,12/27/2005
The Coming Economic Collapse: How You Can Thrive When Oil Costs $200 a Barrel,Stephen Leeb/Glen C. Strathy,,Business Plus,211,,2/1/2006
Collapse of Complex Societies,Joseph A. Tainter,,Cambridge University Press,262,,3/29/1990
Bowling Alone: The Collapse and Revival of American Community,Robert D. Putnam,,Simon  Schuster,544,,8/7/2001
The Collapse of the Common Good: How America's Lawsuit Culture Undermines Our Freedom,Philip K. Howard,,Ballantine Books,272,,1/29/2002
Reinventing the Enemy's Language: Contemporary Native Women's Writings of North America,Joy Harjo/Gloria Bird/Beth Cuthand/Valerie Martinez/Patricia Blanco,,W. W. Norton  Company,576,,9/17/1998
My Inventions,Nikola Tesla,,Filiquarian Publishing  LLC.,88,,5/17/2006
Wizard: The Life and Times of Nikola Tesla: Biography of a Genius,Marc J.  Seifer/William H. Terbo,,Citadel,542,,2/1/2001
Nikola Tesla: A Spark of Genius,Carol Dommermuth-Costa,,Lerner Publications,144,,10/1/1994
Tesla Papers,Nikola Tesla/David Hatcher Childress,,Adventures Unlimited Press,100,,12/1/2000
Boys of Summer,Julie Elizabeth Leto/Leslie Kelly/Kimberly Raye,,Harlequin Blaze,249,,6/27/2006
Programming Ruby: The Pragmatic Programmers' Guide,Dave Thomas/Chad Fowler/Andy Hunt,,Pragmatic Bookshelf,828,,10/11/2004
Golding's Lord of the Flies (Cliffs Notes),Maureen Kelly/CliffsNotes/William Golding,,Cliffs Notes,112,,6/13/2000
Lord of the Flies,William Golding,,Listening Library (Audio),6,,10/11/2005
A War Like No Other: How the Athenians & Spartans Fought the Peloponnesian War,Victor Davis Hanson,,Random House,397,,9/12/2006
We Were Not Like Other People,Ephraim Sevela/Antonina W. Bouis,,HarperCollins Publishers,216,,1/1/1989
The Lovely Bones,Alice Sebold,,Picador,328,,6/1/2003
The Lovely Bones,Alice Sebold,,Large Print Press,532,,4/1/2004
Lovely in Her Bones (Elizabeth MacPherson  #2),Sharyn McCrumb,,Ballantine Books,224,,5/13/1990
The Zen of CSS Design: Visual Enlightenment for the Web,Dave Shea/Molly E. Holzschlag,,Peachpit Press,296,,2/17/2005
HTML  XHTML  and CSS (Visual Quickstart Guide),Elizabeth Castro,,Peachpit Press,456,,8/1/2006
1000 Record Covers,Michael Ochs/Patrick Javault/Ulrike Wasel,,Taschen,575,,5/15/2005
Killing Yourself to Live: 85% of a True Story,Chuck Klosterman,,Scribner,245,,6/13/2006
Sex  Drugs  and Cocoa Puffs: A Low Culture Manifesto,Chuck Klosterman,,Scribner,272,,7/2/2004
Vice (V  #8),Jane Feather,,Bantam,419,,5/2/1996
Zen and the Art of Motorcycle Maintenance: An Inquiry Into Values (Phaedrus  #1),Robert M. Pirsig,,HarperTorch,540,,4/25/2006
Once Upon a Cool Motorcycle Dude,Kevin O'Malley/Carol Heyer/Scott Goto,,Walker & Company,32,,4/1/2005
Guidebook to Zen and the Art of Motorcycle Maintenance,Ronald L. DiSanto/Thomas J. Steele,,William Morrow Paperbacks,408,,11/19/1990
Motorcycle Basics Techbook,John Harold Haynes,,Haynes Manuals N. America  Inc.,222,,7/5/2002
LOGO Lounge: 2 000 International Identities by Leading Designers,Catharine M. Fishel/Bill Gardner,,Rockport Publishers,191,,9/1/2004
The Death of Ivan Ilych And Other Stories,Leo Tolstoy/Hugh McLean,,Signet Classics,304,,4/1/2003
War and Peace,Leo Tolstoy/Henry Gifford/Aylmer Maude/Louise Maude,,Oxford University Press,1392,,6/25/1998
The Kingdom of God Is Within You,Leo Tolstoy/Constance Garnett,,Dover Publications,352,,9/8/2006
Atlas Shrugged,Ayn Rand/Leonard Peikoff,,Plume,1168,,8/1/1999
For the New Intellectual: The Philosophy of Ayn Rand,Ayn Rand,,Signet Book,224,,12/1/1963
The Fountainhead,Ayn Rand,,Dutton,752,,4/26/2005
The Virtue of Selfishness: A New Concept of Egoism,Ayn Rand/Nathaniel Branden,,Signet,176,,11/1/1964
Anthem,Ayn Rand,,NAL,105,,12/1/1999
We the Living,Ayn Rand/Leonard Peikoff,,Signet,464,,1/1/1996
Capitalism: The Unknown Ideal,Ayn Rand/Nathaniel Branden/Alan Greenspan/Robert Hessen,,Signet,340,,7/15/1986
Letters of Ayn Rand,Ayn Rand/Michael S. Berliner/Leonard Peikoff,,NAL,681,,2/1/1997
Sailing for Dummies,J.J. Isler/Peter Isler,,For Dummies,416,,6/1/2006
Sailing from Byzantium: How a Lost Empire Shaped the World,Colin  Wells,,Delacorte Press,368,,7/25/2006
Sailing Alone Around the Room: New and Selected Poems,Billy Collins,,Random House Trade Paperbacks,192,,9/17/2002
The Greatest Sailing Stories Ever Told: Twenty-Seven Unforgettable Stories,Christopher Caswell,,Lyons Press,286,,4/1/2004
"Natural Cures ""They"" Don't Want You to Know about",Kevin Trudeau,,Alliance Publishing,571,,1/1/2004
The Natural,Bernard Malamud/Kevin Baker,,Farrar Straus Giroux,231,,7/7/2003
Digging to America,Anne Tyler,,Alfred A. Knopf,277,,5/2/2006
Rereading America: Cultural Contexts for Critical Thinking and Writing,Gary Colombo/Bonnie Lisle,,Bedford Books,826,,1/21/2004
Modern Latin America,Thomas E. Skidmore/Peter H. Smith,,Oxford University Press  USA,528,,10/7/2004
The Plot Against America,Philip Roth,,Vintage International,391,,9/27/2005
Naked Pictures of Famous People,Jon   Stewart,,Dey Street Books,164,,9/22/1999
Collected Stories,Gabriel García Márquez/Gregory Rabassa/J.S. Bernstein,,Harper Perennial Modern Classics,352,,5/13/2008
Crónica de una muerte anunciada,Gabriel García Márquez,,Vintage Espanol,118,,10/14/2003
Cien años de soledad,Gabriel García Márquez,,Plaza y Janes,496,,2/7/2006
Del amor y otros demonios,Gabriel García Márquez,,Plaza y Janes,176,,2/7/2006
Living to Tell the Tale,Gabriel García Márquez/Edith Grossman,,Vintage,533,,10/12/2004
Memoria de mis putas tristes,Gabriel García Márquez,,Vintage Espanol,112,,10/19/2004
The Elegant Universe: Superstrings  Hidden Dimensions  and the Quest for the Ultimate Theory,Brian Greene,,Vintage Books USA,425,,9/2/2004
Pure and Simple: The Extraordinary Teachings of a Thai Buddhist Laywoman,Upasika Kee Nanayon/Thanissaro Bhikkhu,,Wisdom Publications,288,,5/15/2005
The Mini Rough Guide to London,Rob Humphreys/Beth Chaplin/Rebecca Morrill,,Rough Guides,363,,4/1/2006
Best of London (Lonely Planet Best Of),Lonely Planet/Sarah Johnstone/Steve Fallon,,Lonely Planet,128,,9/1/2004
Lonely Planet Londres,Lonely Planet/Sarah Johnstone/Tom Masters,,Geoplaneta,480,,5/1/2006
Out to Eat London 2002 (Lonely Planet Out to Eat),Lonely Planet/Mark Honan,,Lonely Planet,295,,9/1/2001
Three Nights in August: Strategy  Heartbreak  and Joy Inside the Mind of a Manager,H.G. Bissinger,,Mariner Books,287,,4/4/2006
Cryptonomicon,Neal Stephenson,,Avon,1139,,11/1/2002
Le Réseau Kinakuta (Cryptonomicon  #2),Neal Stephenson,,Payot,418,,3/31/2001
The Confusion (The Baroque Cycle  #2),Neal Stephenson,,William Morrow Paperbacks,815,,6/14/2005
Quicksilver (The Baroque Cycle  #1),Neal Stephenson,,HarperCollins Perennial,927,,9/21/2004
The Cobweb,Neal Stephenson/J. Frederick George,,Spectra Books,448,,5/31/2005
The Big U,Neal Stephenson,,William Morrow Paperbacks,308,,2/6/2001
The Diamond Age: Or  A Young Lady's Illustrated Primer,Neal Stephenson/Pedro Jorge Romero,,Spectra,499,,5/2/2000
Interface,Neal Stephenson/George F. Jewsbury/Stephen  Bury,,Spectra,640,,5/31/2005
Odalisque (The Baroque Cycle  Vol. 1  Book 3),Neal Stephenson,,HarperTorch,464,,3/28/2006
Snow Crash,Neal Stephenson/Guy Abadia,,Bantam Books,438,,8/2/2000
Harrington on Hold 'em: Expert Strategy for No-Limit Tournaments  Volume II: The Endgame,Dan Harrington/Bill Robertie,,Two Plus Two Publishing LLC,450,,6/1/2005
Harrington on Hold 'em: Expert Strategy for No-Limit Tournaments  Volume I: Strategic Play,Dan Harrington/Bill Robertie,,Two Plus Two Publishing LLC,381,,12/1/2004
The Design of Everyday Things,Donald A. Norman,,Basic Books,240,,9/19/2002
Emotional Design: Why We Love (or Hate) Everyday Things,Donald A. Norman,,Basic Books,272,,5/11/2005
The Psychology of Everyday Things,Donald A. Norman,,Basic Books,257,,6/13/1988
No Price Too High: A Pentecostal Preacher Becomes Catholic - The Inspirational Story of Alex Jones as Told to Diane Hanson,Alex C. Jones/Diane M. Hanson/Stephen K. Ray,,Ignatius Press,259,,4/30/2006
The Alchemist,Paulo Coelho/Alan R. Clarke/James Noel Smith,,HarperOne,192,,5/2/2006
The Alchemist,Paulo Coelho/Alan R. Clarke/Özdemir İnce,,HarperCollins,197,,5/1/1993
Fullmetal Alchemist  Vol. 9 (Fullmetal Alchemist  #9),Hiromu Arakawa/Akira Watanabe,,VIZ Media LLC,192,,9/19/2006
Fullmetal Alchemist  Vol. 3 (Fullmetal Alchemist  #3),Hiromu Arakawa/Akira Watanabe,,VIZ Media LLC,192,,9/13/2005
Fullmetal Alchemist  Vol. 8 (Fullmetal Alchemist  #8),Hiromu Arakawa/Akira Watanabe,,VIZ Media LLC,192,,7/18/2006
Fullmetal Alchemist  Vol. 1 (Fullmetal Alchemist  #1),Hiromu Arakawa/Akira Watanabe,,VIZ Media LLC,192,,5/3/2005
Fullmetal Alchemist  Vol. 4 (Fullmetal Alchemist  #4),Hiromu Arakawa/Akira Watanabe,,VIZ Media LLC,200,,11/8/2005
The Illustrated Alchemist: A Fable about Following Your Dream,Paulo Coelho/Alan R. Clarke/Mœbius,,HarperCollins Publishers,198,,11/1/1998
Fullmetal Alchemist  Vol. 2 (Fullmetal Alchemist  #2),Hiromu Arakawa/Akira Watanabe,,VIZ Media LLC,192,,7/5/2005
Pompeii,Robert   Harris,,Random House Trade Paperbacks,274,,11/8/2005
The Last Days of Pompeii,Edward Bulwer-Lytton/John Gregory Betancourt,,Borgo Press,360,,12/3/2002
Of Mice and Men,John Steinbeck,,Penguin Books,103,,1/8/2002
The Game: Penetrating the Secret Society of Pickup Artists,Neil Strauss,,It Books,464,,9/6/2005
The Westing Game,Ellen Raskin,,Puffin,182,,4/12/2004
The Egypt Game,Zilpha Keatley Snyder,,Turtleback Books,215,,7/7/2009
Memoirs of a Geisha,Arthur Golden,,Vintage Books USA,503,,11/22/2005
Memoirs of a Geisha,Arthur Golden,,Random House Large Print Publishing,434,,11/15/2005
Memoirs of a Geisha,Arthur Golden,,Vintage,497,,12/1/2005
Memoirs of a Geisha: A Portrait of the Film,David        James/Peggy Mulloy/Rob Marshall/Arthur Golden,,Newmarket Press,144,,10/20/2005
Memoirs of a Geisha,Arthur Golden,,Vintage,497,,6/4/1998
Geisha of Gion,Mineko Iwasaki/Rande Brown,,Pocket Books,334,,5/6/2003
Love As A Foreign Language #5,J. Torres/Eric  Kim,,Oni Press,58,,2/1/2006
Jungle Love,Margaret Johnson/Philip Prowse,,Cambridge University Press,95,,8/1/2002
The 5 Love Languages / The 5 Love Languages Journal,Gary Chapman,,Moody Publishers,0,,1/1/2005
Angels & Demons (Robert Langdon  #1),Dan Brown,,Pocket Books,736,,4/1/2006
Ángeles y demonios (Robert Langdon  #1),Dan Brown,,Umbriel,508,,12/1/2005
Angeles & Demonios,Dan Brown/Raúl Amundaray,,FonoLibro,18,,12/1/2005
The Da Vinci Code (Robert Langdon  #2),Dan Brown,,Anchor,489,,3/28/2006
The Da Vinci Code,Dan Brown,,Broadway Books,467,,3/28/2006
Da Vinci Code (Robert Langdon  #2),Dan Brown/Daniel Roche,,Pocket,744,,5/3/2005
Deception Point,Dan Brown,,Pocket Books,736,,4/1/2006
Deception Point,Dan Brown,,Corgi Books,585,,5/1/2004
Deception Point,Dan Brown,,Bantam Press,448,,8/1/2005
A Killing Rain (Louis Kincaid  #6),P.J. Parrish,,Pinnacle,383,,2/1/2005
The Millionaire Next Door: The Surprising Secrets of America's Wealthy,Thomas J. Stanley/William D. Danko,,Gallery Books,258,,10/1/1998
Think and Grow Rich: The Landmark Bestseller Now Revised and Updated for the 21st Century,Napoleon Hill,,Tarcherperigee,320,,9/1/2005
Think and Grow Rich,Napoleon Hill,,High Roads Media,368,,8/7/2004
Pragmatic Version Control: Using Subversion (The Pragmatic Starter Kit Series),Mike   Mason,,Pragmatic Bookshelf,256,,6/7/2006
Read My Lips: Sexual Subversion and the End of Gender,Riki Anne Wilchins,,Firebrand Books,288,,6/1/2005
Trump: The Art of the Deal,Donald J. Trump/Tony Schwartz,,Ballantine Books,384,,12/28/2004
The Richest Man in Babylon,George S. Clason,,Berkley Books,194,,2/1/2008
The Richest Man in Babylon,George S. Clason,,Recorded Books  Inc.,4,,6/17/2005
Shibumi,Trevanian/Gisela Stege,,Broadway Books,480,,5/10/2005
1776,David McCullough,,Simon  Schuster,386,,7/4/2006
1776,Peter  Stone/Sherman Edwards,,Penguin Books,192,,11/18/1976
The Crescent Obscured: The United States and the Muslim World  1776-1815,Robert J. Allison,,University of Chicago Press,284,,7/15/2000
The Good Earth (House of Earth  #1),Pearl S. Buck,,Howard Publishing Co,418,,3/4/2009
Purpose Driven Life - For Commuters: What on Earth Am I Here For?,Rick Warren,,Zondervan,5,,3/15/2005
Fast Food Nation: The Dark Side of the All-American Meal,Eric Schlosser,,Harper Perennial,399,,7/5/2005
Fast Food Nation: What The All-American Meal is Doing to the World,Eric Schlosser,,Penguin Books,384,,4/4/2002
Snow Flower and the Secret Fan,Lisa See,,Random House,269,,2/21/2006
The Broker,John Grisham,,Delta,422,,9/26/2006
The Power Broker: Robert Moses and the Fall of New York,Robert A. Caro,,Vintage,1344,,7/12/1975
The Power Broker: A Novel (Christian Gillette  #3),Stephen W. Frey,,Ballantine Books,320,,7/25/2006
Body For Life: 12 Weeks to Mental and Physical Strength,Bill Phillips/Michael D'Orso,,HarperCollins Publishers  Inc.,201,,6/10/1999
Body for Life for Women: A Woman's Plan for Physical and Mental Transformation,Pamela Peeke/Cindy Crawford,,Rodale Books,288,,4/1/2005
Eating for Life: Your Guide to Great Health  Fat Loss and Increased Energy!,Bill Phillips,,High Point Media,405,,11/26/2003
The Warren Buffett Way,Robert G. Hagstrom/Bill Miller/Kenneth L. Fisher,,John Wiley & Sons,245,,10/1/2005
The Warren Buffett CEO: Secrets from the Berkshire Hathaway Managers,Robert P. Miles/Tom Osborne,,Wiley,432,,4/18/2003
Monkey Business: True Story of the Scopes Trial,Marvin N. Olasky/John R. Perry,,B Books,368,,5/15/2005
Junie B. Jones and a Little Monkey Business (Junie B. Jones  #2),Barbara Park/Denise Brunkus,,Random House Books for Young Readers,68,,2/16/1993
Monkey Business,Sarah Mlynowski,,Red Dress Ink,392,,9/24/2004
Liar's Poker,Michael   Lewis,,Penguin Books,256,,10/1/1990
Liar's Poker: A Harry Garnish Mystery,Frank McConnell,,Walker & Company,214,,6/1/1993
Risotto: 30 Simply Delicious Vegetarian Recipes from an Italian Kitchen,Ursula Ferrigno/Jason Lowe/Maxine  Clark,,Ryland Peters & Small,64,,3/1/2001
Giada's Family Dinners,Giada De Laurentiis/Victoria Pearson,,Clarkson Potter,256,,4/4/2006
Everyday Italian: 125 Simple and Delicious Recipes,Giada De Laurentiis,,Clarkson Potter,256,,2/22/2005
Everyday Pasta,Giada De Laurentiis/Victoria Pearson,,Clarkson Potter,240,,4/3/2007
Tyler's Ultimate: Brilliant Simple Food to Make Any Time,Tyler Florence/Petrina Tinslay,,Clarkson Potter,256,,9/26/2006
Tyler Florence's Real Kitchen: An Indespensible Guide for Anybody Who Likes to Cook,Tyler Florence/JoAnn Cianciulli/Bill Bettencourt/Bobby Flay,,Clarkson Potter Publishers,304,,3/25/2003
Eat This Book: Cooking with Global Fresh Flavors,Tyler Florence/Petrina Tinslay,,Clarkson Potter Publishers,287,,10/1/2004
Freakonomics: A Rogue Economist Explores the Hidden Side of Everything,Steven D. Levitt/Stephen J. Dubner,,William Morrow,320,,10/17/2006
Freakonomics: Un economista políticamente incorrecto explora el lado oculto de lo que nos afecta,Steven D. Levitt/Stephen J. Dubner,,Ediciones B,250,,8/1/2006
Freakonomics: A Rogue Economist Explores the Hidden Side of Everything,Steven D. Levitt/Stephen J. Dubner,,Harper,496,,12/8/2006
The Last Assassin (John Rain  #5),Barry Eisler,,Putnam Publishing Group,338,,6/1/2006
Life of Pi,Yann Martel,,Mariner Books / Harvest Books,401,,5/3/2004
L'Histoire de Pi,Yann Martel/Nicole Martel/Emile Martel,,Gallimard,448,,11/24/2005
Shadows and Wind: A View of Modern Vietnam,Robert Templer,,Penguin Books,400,,9/1/1999
A Million Little Pieces,James Frey,,Anchor Books,515,,9/22/2005
A Million Little Pieces of Feces,Python Bonkers,,Lulu.com,256,,2/10/2006
A Million Little Lies,James Pinocchio/Pablo Fenjves,,William Morrow Paperbacks,191,,3/28/2006
The Leadership Challenge,James M. Kouzes/Barry Z. Posner,,Jossey-Bass,458,,8/7/2003
Lincoln on Leadership: Executive Strategies for Tough Times,Donald T. Phillips,,Business Plus,193,,2/1/1993
Leadership in Organizations,Gary Yukl,,Prentice Hall,542,,7/7/2005
Leadership,Rudolph W. Giuliani,,Little  Brown,397,,10/1/2002
Men Are from Mars  Women Are from Venus,John Gray,,Harper Paperbacks,368,,4/3/2012
Mars and Venus Book of Days: 365 Inspriations to Enrich Your Relationships,John Gray,,Harper,368,,10/21/1998
Men Are from Mars  Women Are from Venus,John Gray,,HarperAudio,2,,4/3/2007
How to Succeed with Women,Ron  Louis/David Copeland,,Prentice Hall Press,320,,10/29/1998
The Clan of the Cave Bear (Earth's Children  #1),Jean M. Auel,,Bantam,512,,6/25/2002
The Clan of the Cave Bear (Earth's Children  #1),Jean M. Auel,,Crown Publishing Group,468,,5/4/1980
Moneyball: The Art of Winning an Unfair Game,Michael   Lewis,,W. W. Norton  Company,317,,3/17/2004
Juiced Official Strategy Guide,Doug Walsh,,BradyGames,112,,6/1/2005
The 48 Laws of Power,Robert Greene/Joost Elffers,,Penguin (Business),452,,9/1/2000
Gates of Fire,Steven Pressfield,,Bantam,392,,9/27/2005
Fire Sea (The Death Gate Cycle  #3),Margaret Weis/Tracy Hickman,,Spectra Books,414,,3/1/1992
The Gate of Fire (Oath Of Empire Book Two),Thomas Harlan,,Tor Classics,721,,6/18/2001
The Afghan Campaign,Steven Pressfield,,Doubleday Books,354,,7/1/2006
Tides of War,Steven Pressfield,,Bantam,448,,8/28/2001
Last of the Amazons,Steven Pressfield,,Bantam,400,,7/1/2003
The War of Art: Break Through the Blocks & Win Your Inner Creative Battles,Steven Pressfield/Robert McKee,,Warner Books,168,,4/1/2003
Gita on the Green,Stephen J. Rosen/Steven Pressfield,,Continuum,176,,5/30/2002
Blood Stripes: The Grunt's View of the War in Iraq,David J. Danelo/Steven Pressfield,,Stackpole Books,340,,4/24/2006
Phaedrus and Letters VII and VIII,Plato/Walter Hamilton,,Penguin Classics,160,,1/30/1973
Phaedrus,Plato/Robin Waterfield,,Oxford University Press  USA,128,,1/16/2003
Phaedrus,Plato/C.J. Rowe,,Penguin Classics,176,,8/25/2005
Lysis/Phaedrus/Symposium: Plato on Homosexuality,Plato/Benjamin Jowett,,Prometheus Books,157,,12/1/1991
Enthusiasm and Divine Madness,Josef Pieper/Richard Winston/Clara Winston,,St. Augustines Press,125,,2/11/2019
On Love: Lysis/Symposium/Phaedrus/Alcibiades/Selections from Republic & Laws,Plato/C.D.C. Reeve,,Hackett Publishing Company  Inc.,272,,6/15/2006
Gorgias/Phaedrus (Agora),Plato/James H. Nichols Jr.,,Cornell University Press,233,,9/1/1998
Statesman,Plato/C.J. Rowe,,Hackett Publishing Company  Inc.,128,,3/15/1999
Gorgias,Plato/Walter Hamilton/Chris Emlyn-Jones,,Penguin Classics,208,,1/29/2004
The Histories,Herodotus/Aubrey de Sélincourt/John M. Marincola,,Penguin Books,716,,1/30/2003
The Histories,Herodotus/Aubrey de Sélincourt/John M. Marincola,,Penguin Classics,622,,9/1/1954
The History (Great Minds),Herodotus/Henry Francis Cary,,Prometheus Books,613,,11/1/1992
The Histories,Herodotus/Carolyn Dewald/Robin Waterfield,,Oxford University Press,772,,11/19/1998
The Histories,Herodotus/Aubrey de Sélincourt/Andrew Robert Burn,,Penguin Classics,653,,8/30/1970
The Histories,Herodotus/Jennifer Tolbert Roberts/Walter Blanco,,W.W. Norton & Company,464,,1/17/1992
The Histories,Herodotus/Edward Henry Blakeney/George Rawlinson/Rosalind Thomas,,Everyman's Library 234,816,,3/25/1997
The History,Herodotus/Peter Grene,,University of Chicago Press,710,,3/14/1987
The Iliad,Homer/Robert Fagles/Bernard Knox,,Penguin Classics,683,,4/29/1999
Iliad,Homer/Stanley Lombardo/Sheila Murnaghan,,Hackett Publishing Company  Inc.,574,,3/12/1997
The Iliad,Homer/Robert Fitzgerald/Andrew Ford,,Farrar  Straus and Giroux,588,,4/3/2004
The Iliad/The Odyssey,Homer/Robert Fagles/Bernard Knox,,Penguin Classics,1556,,11/1/1999
The Iliad,Homer/E.V. Rieu/Peter Jones/D.C.H. Rieu,,Penguin Classics,462,,1/30/2003
The Iliad,Homer/W.H.D. Rouse,,Signet Classics,312,,8/1/1999
The Essential Iliad,Homer/Sheila Murnaghan/Stanley Lombardo,,Hackett Publishing Company  Inc.,216,,9/15/2000
The Odyssey,Homer/Robert Fagles/Bernard Knox,,Penguin Classics,541,,11/30/2006
The Odyssey,Homer/Robert Fitzgerald/D.S. Carne-Ross,,Farrar  Straus and Giroux,515,,11/5/1998
The Odyssey,Homer/Richmond Lattimore,,Harper Perennial,374,,6/1/1999
The Odyssey,Homer/E.V. Rieu/Peter Jones/D.C.H. Rieu,,Penguin Classics,324,,1/30/2003
The Odyssey,Homer/W.H.D. Rouse,,Signet Classics,304,,8/1/1999
Aeneid: Selections from Books 1  2  4  6  10  12,Virgil/Barbara Weiden Boyd,,Bolchazy-Carducci Publishers,161,,1/1/2001
Eclogues. Georgics. Aeneid: Books 1-6,Virgil/Henry Rushton Fairclough/G.P. Goold,,Harvard University Press,607,,10/1/1999
City Eclogue,Ed Roberson,,Atelos Press,136,,1/30/2006
The Eclogues and The Georgics,Virgil/Cecil Day-Lewis,,Oxford University Press,180,,9/2/1999
Paul Kirk's Championship Barbecue Sauces: 175 Make-Your-Own Sauces  Marinades  Dry Rubs  Wet Rubs  Mops and Salsas,Paul  Kirk,,Harvard Common Press,272,,12/3/1997
The Complete Pelican Shakespeare,William Shakespeare/Stephen Orgel/A.R. Braunmuller,,Viking,1808,,11/7/2002
The Complete Works,William Shakespeare,,Gramercy,1248,,10/13/1991
Hamlet,William Shakespeare/Harold Bloom/Rex Gibson,,Cambridge University Press,289,,8/1/2005
The Compleat Works of Wllm Shkspr (abridged),Reduced Shakespeare Company/Adam Long/Daniel Singer/Jess Winfield,,Applause Books,137,,2/1/1994
The Pilgrimage: A Contemporary Quest for Ancient Wisdom,Paulo Coelho/Alan R. Clarke,,HarperOne,272,,5/1/1995
The Valkyries,Paulo Coelho/Alan R. Clarke,,HarperOne,212,,9/28/1996
Warrior of the Light,Paulo Coelho,,HarperOne,142,,3/30/2004
The Zahir,Paulo Coelho/Margaret Jull Costa,,HarperOne,336,,7/3/2006
By the River Piedra I Sat Down and Wept,Paulo Coelho/Alan R. Clarke,,HarperOne,208,,5/23/2006
The Fifth Mountain,Paulo Coelho/Clifford E. Landers,,HarperOne,256,,4/26/2000
Veronika Decides to Die,Paulo Coelho/Margaret Jull Costa/Kâmuran Şipal,,Harper Perennial,210,,6/1/2006
Hamlet,William Shakespeare/Stephen Orgel/A.R. Braunmuller,,Penguin Books,148,,12/1/2001
Cliffs Notes on Shakespeare's Hamlet,Carla Lynn Stockton,,Cliffs Notes,129,,5/30/2000
Shakespeare's Hamlet,William Shakespeare/Terri Mategrano,,Cliffs Notes,240,,5/29/2000
Hamlet's Mill: An Essay Investigating the Origins of Human Knowledge and Its Transmission Through Myth,Giorgio De Santillana/Hertha Von Dechend,,Nonpareil Books,450,,3/24/2015
History of the Peloponnesian War: Bk. 1-2,Thucydides/C.F. Smith,,Harvard University Press,496,,1/1/1919
On Justice  Power and Human Nature: Selections from The History of the Peloponnesian War,Thucydides/Paul Woodruff,,Hackett Publishing Company  Inc.,172,,10/1/1993
History of the Peloponnesian War: Bk. 5-6,Thucydides/C.F. Smith,,Harvard University Press,400,,1/1/1921
The Peloponnesian War,Thucydides/Steven Lattimore,,Hackett Publishing Company  Inc.,530,,6/1/1998
The Peloponnesian War: A New Translation  Backgrounds  Interpretations,Thucydides/Jennifer Tolbert Roberts/Walter Blanco,,W. W. Norton & Company,554,,7/17/1998
History of the Peloponnesian War  Bk. 7-8,Thucydides/C.F. Smith,,Harvard University Press,480,,1/1/1923
Thucydides  Book 6 Commentary,Cynthia W. Shelmerdine,,Bryn Mawr Commentaries,34,,1/30/1989
Euripides I: Alcestis / The Medea / The Heracleidae / Hippolytus,Euripides/Richmond Lattimore/David Grene/Rex Warner/Ralph Gladstone,,University of Chicago Press,221,,2/15/1955
Euripides V: Electra / The Phoenician Women / The Bacchae,Euripides/David Grene/Richmond Lattimore/Emily Townsend Vermeule/Elizabeth Wyckoff/William Arrowsmith,,University of Chicago Press,228,,1/15/1969
Euripides IV: Rhesus / The Suppliant Women / Orestes / Iphigenia in Aulis,Euripides/David Grene/Richmond Lattimore/William Arrowsmith/Frank William Jones/Charles R. Walker,,University of Chicago Press,307,,11/15/1968
Grief Lessons: Four Plays by Euripides,Anne Carson/Euripides,,New York Review of Books,312,,8/1/2006
Ten Plays,Euripides/Moses Hadas/John Maclean,,Bantam Classics,432,,8/1/1990
Euripides III: Hecuba / Andromache / The Trojan Women / Ion (Complete Greek Tragedies  #7),Euripides/David Grene/Richmond Lattimore/William Arrowsmith/John Frederick Nims/Ronald Frederick Willetts,,University of Chicago Press,255,,1/15/1992
Euripides II: The Cyclops / Heracles / Iphigenia in Tauris / Helen,Euripides/David Grene/Richmond Lattimore/Witter Bynner/William Arrowsmith,,University of Chicago Press,264,,4/15/2002
Medea and Other Plays,Euripides/John Davie/Richard Rutherford,,Penguin Books,206,,3/27/2003
Cyclops / Alcestis / Medea,Euripides/David Kovacs,,Loeb Classical Library,432,,1/1/1994
Medea,Euripides/Donald J. Mastronarde,,Cambridge University Press,431,,9/16/2002
The Bacchae and Other Plays,Euripides/John Davie/Richard Rutherford,,Penguin Classics,360,,1/26/2006
Bakkhai,Euripides/Reginald Gibbons/Peter H. Burian,,Oxford University Press  USA,160,,2/22/2001
Plays 1: Medea/The Phoenician Women/Bacchae,Euripides/David Thompson/J. Michael Walton,,Bloomsbury Methuen Drama,192,,11/9/2000
The Trojan Women and Hippolytus,Euripides,,Dover Publications,64,,7/17/2002
The Bacchae of Euripides: A Communion Rite,Wole Soyinka,,W. W. Norton  Company,128,,7/17/2004
Orestes and Other Plays,Euripides/James Morwood/Robin Waterfield,,Oxford University Press,282,,12/20/2001
Children of Heracles / Hippolytus / Andromache / Hecuba,Euripides/David Kovacs,,Loeb Classical Library,528,,2/15/1995
Alcestis,Euripides/William Arrowsmith,,Oxford University Press  USA,142,,2/1/1990
Suppliant Women / Electra / Heracles,Euripides/David Kovacs,,Loeb Classical Library,464,,9/1/1998
Medea,Euripides/Georgia Ann Machemer/Michael   Collier,,Oxford University Press  USA,116,,8/10/2006
Euripides: Medea,William Allan,,Bristol Classical Press,160,,10/31/2002
CliffsNotes on Euripides' Medea and Electra,Robert J. Milch,,Cliffs Notes,69,,9/13/1965
Trojan Women / Iphigenia Among the Taurians / Ion,Euripides/David Kovacs,,Loeb Classical Library,528,,12/1/1999
Helen / Phoenician Women / Orestes,Euripides/David Kovacs,,Loeb Classical Library,605,,6/15/2002
Euripides: Iphigenia at Aulis (Companions to Greek & Roman Tragedy),Euripides/Pantelis Michelakis,,Bristol Classical Press,144,,3/9/2006
The Complete Greek Tragedies  Volume 3: Euripides,Euripides/David Grene/Richmond Lattimore,,University of Chicago Press,672,,8/1/1992
Aeschylus I: Oresteia (Agamemnon  The Libation Bearers  The Eumenides),Aeschylus/David Grene/Richmond Lattimore,,University of Chicago Press,171,,5/15/1969
Aeschylus II: The Suppliant Maidens  The Persians  Seven against Thebes  and Prometheus Bound (The Complete Greek Tragedies),Aeschylus/David Grene/Richmond Lattimore/Seth Benardete,,University of Chicago Press,188,,2/1/1992
The Oresteia,Aeschylus/Alan Shapiro/Peter H. Burian,,Oxford University Press  USA,304,,10/7/2004
The Oresteia: Agamemnon  The Libation Bearers  The Eumenides,Aeschylus/Robert Fagles/William Bedell Stanford,,Penguin Classics,335,,2/7/1984
Oresteia,Aeschylus/Peter Meineck/Helene P. Foley,,Hackett Publishing Company  Inc.,224,,9/15/1998
Prometheus Bound and Other Plays,Aeschylus/Philip Vellacott,,Penguin Books,160,,8/30/1961
The Oresteia,Aeschylus/Ted Hughes,,Farrar  Straus and Giroux,208,,9/4/2004
Aeschylus  1: The Oresteia: Agamemnon/The Libation Bearers/The Eumenides,Aeschylus/David R. Slavitt/Smith Palmer Bovie,,University of Pennsylvania Press,178,,11/1/1997
The Complete Greek Tragedies  Volume 1: Aeschylus,Aeschylus/Richmond Lattimore/David Grene,,University of Chicago Press,358,,8/1/1992
Aeschylus: The Oresteia (A Student Guide: Landmarks of World Literature),Simon Goldhill,,Cambridge University Press,95,,1/22/2004
The Oresteia: Agamemnon  Choephoroe & Eumenides (Everyman's Library  No. 260),Aeschylus/George Thomson/Richard Seaford,,Everyman's Library,127,,1/20/2004
Aeschylus 2: The Persians/Seven Against Thebes/The Suppliants/Prometheus Bound,Aeschylus/David R. Slavitt/Smith Palmer Bovie,,University of Pennsylvania Press,232,,1/1/1998
The Oresteia Trilogy: Agamemnon/The Libation-Bearers/The Furies,Aeschylus/E.D.A. Morshead,,Dover Publications,151,,9/24/1996
The Suppliant Maidens/The Persians/Seven against Thebes/Prometheus Bound,Aeschylus/E.D.A. Morshead,,Kessinger Publishing,208,,6/17/2004
Sophocles II: Ajax/Women of Trachis/Electra/Philoctetes (Complete Greek Tragedies 4),Sophocles/David Grene/Richmond Lattimore/John Moore/Michael Jameson,,University of Chicago Press,254,,5/15/1969
The Oedipus Plays of Sophocles: Oedipus the King; Oedipus at Colonus; Antigone,Sophocles/Paul Roche,,Plume,288,,5/1/1996
The Complete Plays,Sophocles/Paul Roche,,New American Library,420,,3/1/2001
The Oedipus Cycle: Oedipus Rex  Oedipus at Colonus  Antigone,Sophocles/Robert Fitzgerald/Dudley Fitts,,Mariner Books,259,,11/1/2002
The Three Theban Plays: Antigone  Oedipus the King  Oedipus at Colonus,Sophocles/Robert Fagles/Bernard Knox,,Penguin Books,430,,1/3/2000
Theban Plays,Sophocles/Peter Meineck/Paul Woodruff,,Hackett Publishing Company  Inc.,304,,3/15/2003
The Theban Plays (Everyman's Library  #93),Sophocles/David Grene/Charles Segal,,Alfred A. Knopf,223,,10/18/1994
Electra and Other Plays,Sophocles/E.F. Watling,,Penguin,218,,4/30/1953
Antigone; Oedipus the Kingn; Electra,Sophocles/Edith Hall/H.D.F. Kitto,,Oxford University Press,178,,9/17/1998
Oedipus Rex  (The Theban Plays  #1),Sophocles/J.E. Thomas,,Prestwick House - (Literary Touchstone Classic),75,,6/22/2006
The Oedipus Plays of Sophocles,Sophocles/Paul Roche,,Signet Books (NY),390,,9/1/1958
Oedipus Rex (Greek and Latin Classics),Sophocles/Roger D. Dawe,,Cambridge University Press,214,,8/1/2006
Oedipus the King,Sophocles/Bernard Knox/Cynthia Brantley Johnson,,Simon  Schuster,144,,7/1/2005
Four Plays: The Clouds/The Birds/Lysistrata/The Frogs,Aristophanes/William Arrowsmith/Richmond Lattimore/Douglass Parker,,Plume,624,,11/1/1984
Three Plays by Aristophanes: Lysistrata/Women at the Thesmophoria/Assemblywomen,Aristophanes/Jeffrey Henderson,,Routledge,256,,8/27/1996
The Complete Plays,Aristophanes/Moses Hadas,,Bantam Classics,577,,3/1/1984
Aristophanes 1: The Acharnians/Peace/Celebrating Ladies/Wealth,Aristophanes/David R. Slavitt,,University of Pennsylvania Press,336,,1/29/1998
Clouds/Wasps/Birds (Aristophanes 1),Aristophanes/Peter Meineck,,Hackett Publishing Company  Inc.,480,,9/15/1998
Lysistrata and Other Plays,Aristophanes/Alan H. Sommerstein,,Penguin Classics,241,,1/30/2003
Acharnians,Aristophanes/Jeffrey Henderson,,Focus Publishing/R. Pullins Company,96,,5/1/2003
Clouds,Aristophanes/Kenneth James Dover,,Oxford University Press  USA,254,,12/15/1969
Clouds/Wasps/Peace,Aristophanes/Jeffrey Henderson,,Loeb Classical Library/Harvard University Press,624,,12/15/1998
Three Plays: The Wasps / The Poet and the Women / The Frogs,Aristophanes/David B. Barrett,,Penguin Books,224,,2/28/1964
Four Comedies: Lysistrata / The Frogs / The Birds / Ladies' Day,Aristophanes/Dudley Fitts,,Harcourt,400,,1/6/2003
Frogs/Assemblywomen/Wealth (Loeb Classical Library 180),Aristophanes/Jeffrey Henderson,,Harvard University Press,608,,5/1/2002
Cliffs Notes on Aristophanes' Lysistrata  The Birds  The Clouds  The Frogs,W. John Campbell,,Cliffs Notes,80,,12/29/1983
Aristophanes and Athens: An Introduction to the Plays,Douglas M. MacDowell,,Oxford University Press,376,,10/1/1995
Lysistrata,Aristophanes/Douglass Parker,,Signet,98,,2/1/1970
Peace,Aristophanes/S. Douglas Olson,,Oxford University Press  USA,408,,2/25/1999
Lysistrata,Aristophanes/Sarah Ruden,,Hackett Publishing Company  Inc.,132,,3/1/2003
The Knights / Peace / The Birds / The Assembly Women / Wealth,Aristophanes/Alan H. Sommerstein/David B. Barrett/David Brett,,Penguin Classics,335,,7/27/1978
Genres in Dialogue: Plato and the Construct of Philosophy,Andrea Wilson Nightingale,,Cambridge University Press,238,,4/13/2000
The Curious Incident of the Dog in the Night-Time,Mark Haddon,,Vintage,226,,5/18/2004
The Night Gardener,George Pelecanos,,Little Brown and Company,372,,8/8/2006
Twelfth Night,William Shakespeare,,Simon Schuster,272,,7/1/2004
Brokeback Mountain,Annie Proulx,,Scribner,55,,12/2/2005
Getting Things Done: The Art of Stress-Free Productivity,David    Allen,,Penguin Books,267,,12/31/2002
Getting Things Done When You Are Not in Charge,Geoffrey M. Bellman,,Berrett-Koehler Publishers,176,,8/27/2001
Formas breves,Ricardo Piglia,,Anagrama,144,,6/1/2001
El último lector,Ricardo Piglia,,Anagrama,209,,7/15/2009
Money to Burn,Ricardo Piglia/Amanda Hopkinson,,Granta UK,209,,8/1/2004
Respiración artificial,Ricardo Piglia,,Anagrama,218,,3/1/2008
Plata quemada,Ricardo Piglia,,Anagrama,227,,7/1/2005
American Government: Continuity and Change  Alternate Edition,Karen  O'Connor/Larry J. Sabato,,Longman Publishing Group,664,,3/11/2005
Essentials of American and Texas Government: Continuity and Change,Karen  O'Connor/Larry J. Sabato,,Longman Publishing Group,854,,7/29/2005
El túnel,Ernesto Sabato,,Seix Barral,159,,7/1/2003
The Confessions (Works of Saint Augustine 1),Augustine of Hippo/John E. Rotelle/Maria Boulding,,New City Press,416,,12/1/2002
The City of God,Augustine of Hippo/Thomas Merton/Marcus Dods,,Random House,905,,9/12/2000
The Enchiridion on Faith Hope and Love (Augustine Series 1),Augustine of Hippo/Bruce Harbert/John E. Rotelle,,New City Press,144,,10/1/1999
Augustine of Hippo: A Biography,Peter R.L. Brown,,University of California Press,576,,11/24/2000
On Christian Doctrine,Augustine of Hippo/D.W. Robertson Jr.,,Library of Liberal Arts/Bobb-Merrill (Indianapolis  IN),191,,1/11/1958
Confessions  Books 1-13,Augustine of Hippo/Peter R.L. Brown/Frank Sheed,,Hackett Publ. Co Inc,296,,1/1/1993
Saint Augustine,Garry Wills,,Penguin Books,176,,8/30/2005
Augustine: A Very Short Introduction,Henry Chadwick,,Oxford University Press  USA,144,,6/7/2001
On Genesis/A Refutation of the Manichees/The Unfinished Literal Meaning of Genesis (Works of St Augustine 1),Augustine of Hippo/Boniface Ramsey/Edmund Hill,,New City Press,540,,5/1/2004
Kitchen Confidential: Adventures in the Culinary Underbelly,Anthony Bourdain,,Ecco Press,302,,5/1/2001
Confesiones de un chef,Anthony Bourdain,,Santillana USA Publishing Company,478,,2/1/2003
The Metamorphoses of Ovid,Ovid/Allen Mandelbaum,,Harcourt Brace,559,,4/15/1995
Metamorphoses,Ovid/David Raeburn/Denis Feeney,,Penguin,723,,8/3/2004
Metamorphoses,Ovid/Bernard Knox/Charles    Martin,,W. W. Norton  Company,624,,11/17/2003
Ovid's Metamorphoses: Books 1-5,Ovid/William Scovil Anderson,,University of Oklahoma Press,584,,1/15/1998
Ovid’s Metamorphoses: Books 6-10,Ovid/William Scovil Anderson,,University of Oklahoma Press,560,,1/15/1978
Latin Via Ovid: A First Course,Norma Goldman/Jacob E. Nyenhuis,,Wayne State University Press,524,,9/1/1982
The Art of Love and Other Poems,Ovid/J.H. Mozley/G.P. Goold,,Harvard University Press,400,,1/1/1929
The Poems of Exile: Tristia and the Black Sea Letters,Ovid/Peter Green,,University of California Press,451,,1/18/2005
Metamorphoses: Volume 2  Books IX-XV,Ovid/Frank Justus Miller,,Harvard University Press,499,,1/1/1985
Metamorphoses: Volume I  Books I-VIII,Ovid/Frank Justus Miller,,Harvard University Press,496,,1/1/1977
Practice! Practice!: A Latin Via Ovid Workbook,Norma Goldman/Michael  Rossi,,Wayne State University Press,152,,7/1/1995
Tibullus: A Commentary,Michael C.J. Putnam,,University of Oklahoma Press,222,,11/15/1979
Dionysiac Poetics and Euripides' Bacchae,Charles Segal,,Princeton University Press,440,,11/16/1997
Antigone,Sophocles/Reginald Gibbons/Charles Segal,,Oxford University Press,197,,9/1/2007
Antigone,Sophocles/Reginald Gibbons/Charles Segal,,Oxford University Press  USA,208,,6/5/2003
Object-Oriented Programming in C++,Richard Johnsonbaugh/Martin Kalin,,Prentice Hall,640,,8/13/1999
The Iliad,Homer/Robert Fitzgerald,,Everyman,594,,3/19/1992
Love  Sex & Tragedy: How the Ancient World Shapes Our Lives,Simon Goldhill,,University of Chicago Press,345,,11/1/2005
Reading Greek Tragedy,Simon Goldhill,,Cambridge University Press,302,,8/5/1986
Who Needs Greek? Contests in the Cultural History of Hellenism,Simon Goldhill,,Cambridge University Press,334,,4/4/2002
Foucault's Virginity: Ancient Erotic Fiction & the History of Sexuality (Stanford Memorial Lecture),Simon Goldhill,,Cambridge University Press,212,,1/26/1995
2012: The Return of Quetzalcoatl,Daniel Pinchbeck,,Tarcher,408,,5/4/2006
Breaking Open the Head: A Psychedelic Journey Into the Heart of Contemporary Shamanism,Daniel Pinchbeck/Lee Fukui,,Three Rivers Press (CA),336,,8/12/2003
Them: Adventures with Extremists,Jon Ronson,,Simon  Schuster,336,,1/7/2003
The Men Who Stare at Goats,Jon Ronson,,Simon  Schuster,259,,4/10/2006
Guns  Germs and Steel: The Fates of Human Societies,Jared Diamond,,W.W. Norton,518,,7/11/2005
Caught Inside: A Surfer's Year on the California Coast,Daniel Duane,,North Point Press,256,,4/10/1997
Into the Wild,Jon Krakauer,,Anchor Books,207,,1/20/1997
Wild at Heart: Discovering the Secret of a Man's Soul,John Eldredge,,Thomas Nelson,256,,4/1/2001
Wild Swans: Three Daughters of China,Jung Chang,,Simon  Schuster,562,,8/12/2003
Wild Fire (John Corey  #4),Nelson DeMille,,Warner Books (NY),519,,11/6/2006
Born to Be Wild,Catherine Coulter,,Jove,354,,7/25/2006
The Call of the Wild,Jack London/Avi,,Scholastic,172,,1/1/2001
Wild About Books,Judy Sierra/Marc Brown,,Alfred A. Knopf Books for Young Readers,40,,8/10/2004
In Web Design for Libraries,Charles P. Rubenstein,,Libraries Unlimited,196,,12/1/2006
Nickel and Dimed: On (Not) Getting by in America,Barbara Ehrenreich,,Owl Books (Henry Holt),240,,5/1/2002
The History of Sexuality 1: An Introduction,Michel Foucault/Robert Hurley,,Pantheon Books (NY),168,,10/1/1978
The History of Sexuality  Volume 1: The Will to Knowledge,Michel Foucault/Robert Hurley,,Penguin,168,,10/29/1998
The History of Sexuality  Volume 2: The Use of Pleasure,Michel Foucault/Robert Hurley,,Penguin,304,,7/30/1998
The Making of Pride and Prejudice,Sue Birtwistle/Sue Conklin/Susie Conklin,,Penguin Books Ltd,128,,9/7/1995
Pride and Prejudice,Jane Austen,,Oxford University Press,333,,2/11/2004
Pride & Prejudice,Jane Austen/Vivien Jones,,Penguin Books,392,,9/1/2005
Pride and Prejudice,Jane Austen/George Saintsbury/Hugh  Thomson,,Dover Publications,476,,5/5/2005
Pride and Prejudice,Jane Austen/Carol Howard,,Barnes  Noble Classics,392,,9/20/2004
Under the Banner of Heaven: A Story of Violent Faith,Jon Krakauer,,Anchor Books,399,,7/10/2003
Iceland: Land of the Sagas,David  Roberts/Jon Krakauer,,Villard,160,,10/6/1998
Into Thin Air: A Personal Account of the Mount Everest Disaster,Jon Krakauer,,Anchor Books,368,,10/19/1999
In the Land of White Death: An Epic Story of Survival in the Siberian Arctic,Valerian Albanov/Jon Krakauer/David  Roberts/Alison Anderson/Валериан Альбанов,,Modern Library,288,,9/4/2001
The World Is Flat: A Brief History of the Twenty-first Century,Thomas L. Friedman,,Farrar  Straus and Giroux (NY),616,,4/18/2006
La Tierra es plana: Breve historia del mundo globalizado del siglo XXI,Thomas L. Friedman,,Planeta Publishing,495,,1/1/2006
The Avalanche Handbook,David McClung/Peter Schaerer,,Mountaineers Books,342,,10/12/2006
Avalanche,Arthur J. Roth,,Scholastic,144,,1/1/1989
Little Women,Louisa May Alcott,,Signet Classics,449,,4/6/2004
Little Women (Little Women  #1),Louisa May Alcott/Scott McKowen,,Sterling,536,,10/1/2004
Little Women,Louisa May Alcott/Paula Danziger,,Scholastic Paperbacks,562,,1/1/2000
Little Women,Louisa May Alcott/Jessie Willcox Smith/Frank T. Merrill,,Gramercy Books,389,,9/3/2002
Little Women  Little Men  Jo's Boys,Louisa May Alcott/Elaine Showalter,,Library of America,1064,,2/17/2005
Little Women,Louisa May Alcott,,Collector's Library,327,,2/1/2004
A Tale of Two Cities,Charles Dickens/Keith Cox/Cynthia Brantley Johnson,,Simon  Schuster,496,,5/1/2004
A Tale of Two Cities,Charles Dickens/Gillen D'Arcy Wood,,Barnes & Noble Classics,409,,7/25/2004
A Tale of Two Cities: Charles Dickens,SparkNotes,,Spark Publishing,96,,1/10/2002
A Tale of Two Cities,Charles Dickens/Gillen D'Arcy Wood,,Barnes  Noble Classics,429,,12/1/2003
A Tale of Two Cities,Charles Dickens/Simon Schama,,Everyman's Library,432,,3/18/1993
Den of Thieves,James B. Stewart,,Simon  Schuster,592,,9/1/1992
Den of Thieves (Cat Royal  #3),Julia Golding,,Egmont Books Ltd,416,,1/31/2007
Charles Dickens: Four Novels:  Great Expectations  Hard Times  A Christmas Carol  and A Tale of Two Cities,Charles Dickens,,Gramercy,848,,10/2/1993
Bleak House,Charles Dickens/Mary Gaitskill/Hablot Knight Browne,,Modern Library,887,,7/9/2002
David Copperfield,Charles Dickens/Gish Jen,,Signet,928,,2/7/2006
What Jane Austen Ate and Charles Dickens Knew: From Fox Hunting to Whist—the Facts of Daily Life in 19th-Century England,Daniel Pool,,Touchstone,416,,4/21/1994
Charles Dickens,Jane Smiley,,Viking,224,,5/13/2002
Martin Chuzzlewit,Charles Dickens/Patricia Ingham/Hablot Knight Browne,,Penguin Classics,830,,11/25/1999
Why Is Sex Fun? The Evolution of Human Sexuality (Science Masters),Jared Diamond,,Basic Books,176,,9/25/1998
The Third Chimpanzee: The Evolution & Future of the Human Animal,Jared Diamond,,HarperCollins Publishers,407,,1/1/1992
J.K.Rowling,Colleen Sexton,,Lerner Publications,112,,9/1/2005
Harry Potter Schoolbooks Box Set: Two Classic Books from the Library of Hogwarts School of Witchcraft and Wizardry,J.K. Rowling,,Arthur A. Levine,240,,11/1/2001
J.K. Rowling's Harry Potter Novels: A Reader's Guide,Philip Nel,,Bloomsbury Academic,96,,9/26/2001
Harry Potter and the Half-Blood Prince (Harry Potter  #6),J.K. Rowling,,Bloomsbury Publishing,768,,6/23/2006
The Santaroga Barrier,Frank Herbert,,Tor Books,256,,9/16/2002
The Dosadi Experiment (ConSentiency Universe  #2),Frank Herbert,,Tor Books,320,,9/16/2002
The Eyes of Heisenberg,Frank Herbert,,Tor Books,192,,9/16/2002
The Birds (Methuen Drama),Sean O'Brien,,Bloomsbury Methuen Drama,96,,7/22/2002
The Frogs,Aristophanes/B.B. Rogers,,Digireads.com,88,,1/1/2005
Lysistrata,Aristophanes/Jeffrey Henderson,,OUP Oxford,320,,6/21/1990
"Myths of the Underworld Journey: Plato  Aristophanes  and the ""Orphic"" Gold Tablets",Radcliffe G. Edmonds III,,Cambridge University Press,276,,11/18/2004
Assembly of Women (Literary Classics),Aristophanes/Robert Mayhew,,Prometheus Books,124,,4/1/1997
Comoediae 1: Acharenses/Equites/Nubes/Vespae/Pax/Aves,Aristophanes/F.W. Hall/W.M. Geldart,,Oxford University Press  USA,364,,2/22/1922
Aristophanes and His Theatre of the Absurd,Paul Anthony Cartledge,,Bristol Classical Press,127,,6/1/1991
Later Novels and Other Writings: The Lady in the Lake / The Little Sister / The Long Goodbye / Playback / Double Indemnity (screenplay) / Selected Essays and Letters,Raymond Chandler/Frank MacShane,,Library of America,1076,,10/1/1995
Stories and Early Novels: Pulp Stories / The Big Sleep / Farewell  My Lovely / The High Window,Raymond Chandler/Frank MacShane,,Library of America,1199,,10/1/1995
The Lady in the Lake  The Little Sister  The Long Goodbye  Playback (Everyman's Library),Raymond Chandler/Tom Hiney,,Everyman's Library,1016,,10/15/2002
The High Window (Philip Marlowe  #3),Raymond Chandler,,Vintage Crime/Black Lizard,265,,8/12/1992
The Simple Art of Murder,Raymond Chandler,,Vintage Crime/Black Lizard,384,,9/12/1988
The Big Sleep (Philip Marlowe  #1),Raymond Chandler,,Vintage Crime,231,,7/12/1988
The Long Goodbye (Philip Marlowe  #6),Raymond Chandler,,Vintage Crime/Black Lizard,379,,8/12/1988
An Evening of Long Goodbyes,Paul Murray,,Random House Trade Paperbacks,448,,9/13/2005
The Long Goodbye: Memories of My Father,Patti   Davis,,Plume Books,205,,10/1/2005
Ghost In the Shell 2: Innocence: After the Long Goodbye,Masaki Yamada/Yuji Oniki/Carl Gustav Horn,,VIZ Media LLC,196,,10/11/2005
The Long Goodbye (Philip Marlowe  #6),Raymond Chandler,,BBC Worldwide,2,,9/20/2004
Breaking the Spell: Religion as a Natural Phenomenon,Daniel C. Dennett,,Viking Books,448,,2/24/2006
Darwin's Dangerous Idea: Evolution and the Meanings of Life,Daniel C. Dennett,,Simon  Schuster,588,,6/12/1996
Freedom Evolves,Daniel C. Dennett,,Penguin,368,,1/27/2004
Brainstorms: Philosophical Essays on Mind and Psychology,Daniel C. Dennett,,MIT Press,424,,7/13/1981
Kinds of Minds: Towards an Understanding of Consciousness,Daniel C. Dennett,,Basic Books,192,,6/12/1997
Leaps of Faith: Science  Miracles & the Search for Supernatural Consolation,Nicholas Humphrey/Daniel C. Dennett,,Copernicus Books,244,,6/4/1999
Elbow Room: The Varieties of Free Will Worth Wanting,Daniel C. Dennett,,MIT Press,212,,11/21/1984
The Mind’s I: Fantasies and Reflections on Self and Soul,Douglas R. Hofstadter/Daniel C. Dennett,,Bantam Books,512,,4/1/1985
The Illustrated A Brief History of Time,Stephen Hawking,,Bantam Books,256,,11/1/1996
A Briefer History of Time,Stephen Hawking/Leonard Mlodinow,,Bantam,176,,9/27/2005
The Universe in a Nutshell,Stephen Hawking,,Bantam,216,,11/6/2001
God Created the Integers: The Mathematical Breakthroughs That Changed History,Stephen Hawking,,Running Press Book Publishers,1160,,10/4/2005
Stephen Hawking's Universe: The Cosmos Explained,David Filkin/Stephen Hawking,,Basic Books,304,,10/9/1998
The Future of Spacetime,Stephen Hawking/Kip S. Thorne/Igor Novikov/Timothy Ferris/Alan Lightman/Richard     Price,,W. W. Norton  Company,224,,6/17/2003
Stephen Hawking's Universe,John Boslough,,Avon,160,,6/1/1989
The Nature of Space and Time,Stephen Hawking/Roger Penrose,,Princeton University Press,152,,10/8/2000
The Physics of Star Trek,Lawrence M. Krauss/Stephen Hawking,,ReganBooks,188,,8/16/1996
Falconry & Hawking,Phillip Glasier,,Batsford,352,,2/1/2006
The World Treasury of Physics  Astronomy & Mathematics from Albert Einstein to Stephen W. Hawking & from Annie Dillard to John Updike,Timothy Ferris,,Back Bay Books,859,,6/30/1993
The Art of Nonfiction: A Guide for Writers and Readers,Ayn Rand/Robert Mayhew/Peter   Schwartz,,New American Library,192,,2/1/2001
The Journals of Ayn Rand,Ayn Rand/Leonard Peikoff/David Harriman,,NAL,752,,8/1/1999
The Fountainhead,Ayn Rand/Leonard Peikoff,,Signet Book,704,,9/1/1996
The 36-Hour Day: A Family Guide to Caring for Persons with Alzheimer Disease  Related Dementing Illnesses  and Memory Loss in Later Life,Nancy L. Mace/Peter V. Rabins,,Grand Central Life & Style,624,,11/1/2006
The 3-Hour Diet: On the Go,Jorge Cruise,,William Morrow Paperbacks,192,,10/18/2005
The Last Hours of Ancient Sunlight: The Fate of the World and What We Can Do Before It's Too Late,Thom Hartmann/Joseph Chilton Pearce/Neale Donald Walsch,,Broadway Books,400,,4/27/2004
Specimen Days,Michael Cunningham,,Picador USA,336,,4/18/2006
A Home at the End of the World,Michael Cunningham,,Picador,342,,7/1/2004
Blink: The Power of Thinking Without Thinking,Malcolm Gladwell,,Little  Brown and Company,277,,1/11/2005
Blink,Ted Dekker,,Thomas Nelson,400,,10/11/2004
Blink-182: Tales from Beneath Your Mom,Mark Hoppus/Anne Hoppus/Alex Gaskarth,,MTV Books,112,,10/2/2001
The Complete Novels,Jane Austen/Hugh  Thomson,,Gramercy Books,1103,,9/3/1995
The Jane Austen Book Club,Karen Joy Fowler,,G.P. Putnam's Sons,288,,4/26/2005
Jane Austen: The Complete Novels,Jane Austen,,Gramercy Books,1103,,6/1/1994
Jane Austen's Letters,Jane Austen/Deirdre Le Faye,,Oxford University Press  USA,672,,4/3/1997
Persuasion,Jane Austen/James Kinsley/Anna Massey/Richard S. Hartmetz/Maurgaux Motin/Deidre Shauna Lynch,,Oxford University Press,249,,3/18/2004
Tea with Jane Austen,Kim Wilson/Tom Carpenter,,Jones Books,128,,9/3/2004
The Old Man and the Sea,Ernest Hemingway/Donald Sutherland,,Simon  Schuster Audio,3,,5/1/2006
Cliffs Notes on Hemingway's The Old Man and the Sea,Jeanne Sallade Criswell/Gary Carey,,Cliffs Notes,80,,12/5/2000
Flaubert's Parrot,Julian Barnes,,Vintage,190,,11/27/1990
Flaubert in Egypt: A Sensibility on Tour,Gustave Flaubert/Francis Steegmuller,,Penguin Books (Penguin Classics),230,,3/30/1996
A Sentimental Education,Gustave Flaubert/Douglas Parmée,,Oxford University Press,464,,5/18/2000
Three Tales,Gustave Flaubert/Roger Whitehouse/Geoffrey Wall,,Penguin Classics,110,,1/27/2005
Sentimental Education,Gustave Flaubert/Robert Baldick/Geoffrey Wall,,Penguin Classics,460,,2/5/2004
The Family Idiot 5: Gustave Flaubert 1821-1857,Jean-Paul Sartre/Carol Cosman,,University of Chicago Press,632,,1/26/1994
Middlesex,Jeffrey Eugenides,,Picador USA,529,,9/16/2003
Team of Rivals: The Political Genius of Abraham Lincoln,Doris Kearns Goodwin,,Simon & Schuster,916,,9/26/2006
John Adams,David McCullough,,Simon & Schuster Paperbacks,751,,5/22/2001
The John Adams Reader: Eseential Writings on an American Composer,Thomas May/John   Adams,,Amadeus,455,,6/1/2006
The Letters of John and Abigail Adams,Abigail Adams/Frank Shuffelton,,Penguin Classics,512,,12/30/2003
Passionate Sage: The Character and Legacy of John Adams,Joseph J. Ellis,,W. W. Norton  Company,288,,2/17/2001
The Portable John Adams,John  Adams/John Patrick Diggins,,Penguin Books,533,,6/29/2004
Sex For Dummies,Ruth Westheimer,,For Dummies,432,,12/28/2000
Baby Signing For Dummies,Jennifer Watson,,John Wiley & Sons,257,,10/1/2006
The Feeling Good Handbook,David D. Burns,,Penguin,729,,10/28/1999
On Death and Dying,Elisabeth Kübler-Ross,,Scribner,288,,7/2/1997
Questions and Answers on Death and Dying: A Companion Volume to On Death and Dying,Elisabeth Kübler-Ross,,Scribner,192,,6/9/1997
The Last Dance: Encountering Death and Dying,Lynne Ann DeSpelder/Albert Lee Strickland,,McGraw-Hill Humanities/Social Sciences/Languages,664,,2/6/2004
Mahatma Gandhi and His Myths: Civil Disobedience  Nonviolence  and Satyagraha in the Real World (Plus Why It's Gandhi  Not Ghandi),Mark Shepard,,Simple Productions,46,,1/1/2002
The Seven Habits of Highly Effective People,Stephen R. Covey,,Free Press,368,,9/15/1990
The 7 Habits of Highly Effective People Personal Workbook,Stephen R. Covey,,Simon  Schuster,192,,1/6/2004
Daily Reflections For Highly Effective People: Living the 7 Habits of Highly Successful People Every Day,Stephen R. Covey,,Simon  Schuster,384,,3/21/1994
Way of the Peaceful Warrior: A Book That Changes Lives,Dan Millman,,HJ Kramer,240,,4/13/2006
Secret of the Peaceful Warrior,Dan Millman/Robert D. San Souci/T. Taylor Bruce,,HJ Kramer,32,,12/28/1992
It's Not about the Bike: My Journey Back to Life,Lance Armstrong/Sally Jenkins,,Berkley Publishing Group,294,,9/1/2001
23 Days in July: Inside the Tour de France and Lance Armstrong's Record-Breaking Victory,John Wilcockson/Graham   Watson,,Da Capo Press,344,,6/15/2005
Truman,David McCullough,,Simon  Schuster,1120,,6/14/1993
The Complete Stories of Truman Capote,Truman Capote/Reynolds Price,,Vintage,320,,9/13/2005
Breakfast at Tiffany's: A Short Novel and Three Stories,Truman Capote,,Modern Library,162,,1/13/1994
Murder at The Washington Tribune (Capital Crimes  #21),Margaret Truman,,Ballantine Books,384,,10/31/2006
Murder at Ford's Theatre (Capital Crimes  #19),Margaret Truman,,Fawcett,376,,9/30/2003
Other Voices  Other Rooms,Truman Capote,,Vintage,232,,2/1/1994
In Cold Blood,Truman Capote/Scott Brick,,Random House Audio,15,,1/3/2006
Emergence: The Connected Lives of Ants  Brains  Cities  and Software,Steven Johnson,,Scribner,288,,9/10/2002
Emergence: Labeled Autistic,Temple Grandin/Margaret M. Scariano,,Grand Central Publishing,200,,9/1/1996
The Emergence of Life on Earth: A Historical and Scientific Overview,Iris Fry,,Rutgers University Press,344,,2/1/2000
The Ghost Stories of Edith Wharton,Edith Wharton/Laszlo Kubinyi,,Scribner,303,,10/10/1997
The House of Mirth / The Reef / The Custom of the Country / The Age of Innocence,Edith Wharton/R.W.B. Lewis,,Library of America,1328,,5/12/1986
Collected Stories  1911-1937,Edith Wharton/Maureen Howard,,Library of America,848,,1/29/2001
Novellas and Other Writings: Madame de Treymes / Ethan Frome / Summer / Old New York / The Mother’s Recompense / A Backward Glance,Edith Wharton/Cynthia Griffin Wolff,,Library of America,1137,,4/1/1990
The House of Mirth,Edith Wharton,,Dover Publications,272,,8/6/2002
Below the Root,Zilpha Keatley Snyder/Alton Raible,,Atheneum Books,231,,1/1/1975
The Witches of Worm,Zilpha Keatley Snyder,,Dell Yearling,183,,5/1/1991
The Deeper Meaning of Liff,Douglas Adams/John Lloyd,,Three Rivers Press,192,,4/19/2005
Dirk Gently's Holistic Detective Agency (Dirk Gently #1),Douglas Adams,,Phoenix Audio,6,,9/30/2005
The Letters of J.R.R. Tolkien,J.R.R. Tolkien/Humphrey Carpenter/Christopher Tolkien,,Mariner Books,502,,6/6/2000
The History of the Lord of the Rings (The History of Middle-earth #6-9),J.R.R. Tolkien/Christopher Tolkien,,Mariner Books,1680,,9/1/2000
The Languages of Tolkien's Middle-Earth,Ruth S. Noel/J.R.R. Tolkien,,Houghton Mifflin Company,207,,5/28/1980
The Lord of the Rings- 3 volumes set (The Lord of the Rings  #1-3),J.R.R. Tolkien,,Mariner Books,1438,,6/1/2005
Farmer Giles of Ham,J.R.R. Tolkien/Christina Scull/Wayne G. Hammond,,Houghton Mifflin Harcourt,127,,11/15/1999
Tandia,Bryce Courtenay,,Penguin Books Australia Ltd.,905,,8/31/1998
Matthew Flinders' Cat,Bryce Courtenay,,Viking,611,,12/31/2002
Solomon's Song (The Potato Factory  #3),Bryce Courtenay,,Penguin Books Australia Ltd.,671,,8/31/2001
An Introduction to Old Norse,E.V. Gordon/A.R. Taylor,,Oxford University Press,412,,7/23/1981
Cold Counsel: Women in Old Norse Literature and Myth,Sarah M.  Anderson/Karen Swenson,,Routledge,320,,12/21/2002
Brave Companions: Portraits in History,David McCullough,,Simon Schuster,240,,11/1/1992
Mornings on Horseback: The Story of an Extraordinary Family  a Vanished Way of Life  and the Unique Child Who Became Theodore Roosevelt,David McCullough,,Simon  Schuster,445,,5/12/1982
John Adams,David McCullough,,Simon & Schuster,752,,5/1/2001
The Johnstown Flood,David McCullough,,Peter Smith Publisher,302,,1/1/1990
The Path Between the Seas: The Creation of the Panama Canal  1870-1914,David McCullough,,Simon  Schuster,697,,6/1/2004
The Bone Collector (Lincoln Rhyme  #1),Jeffery Deaver,,Signet Book,528,,4/1/1998
The Bone Collector's Son,Paul Yee,,Two Lions,137,,1/1/2004
El Coleccionista De Huesos (Lincoln Rhyme  #1),Jeffery Deaver,,Punto de Lectura,640,,6/1/2003
Moby Dick,Herman Melville/William Hootkins,,Naxos Audiobooks,25,,9/1/2005
Moby-Dick,Jan Needle/Patrick Benson/Herman Melville,,Candlewick Press,192,,9/12/2006
Moby Dick,Herman Melville/William Hootkins,,Penguin Audio,6,,6/16/2005
Moby-Dick,Herman Melville/Carl F. Hovde,,Barnes  Noble Classics,707,,4/1/2003
Herman Melville's Moby-Dick: A Routledge Study Guide and Sourcebook,Michael J. Davey/Duncan Wu,,Routledge,208,,9/18/2003
Moby Dick: or The White Whale (Oxford Illustrated Classics),Geraldine McCaughrean/Victor G. Ambrus/Herman Melville,,Oxford University Press  USA,104,,4/16/1998
Melville's Moby Dick: An American Nekyia (Studies in Jungian Psychology by Jungian Analysts),Edward F. Edinger,,Inner City Books,156,,4/30/2004
Moby Dick: Or  the White Whale (Oxford Illustrated Classics Series),Geraldine McCaughrean/Victor G. Ambrus/Herman Melville,,Oxford University Press  USA,102,,4/3/1997
Melville and the politics of identity: From *King Lear* to *Moby-Dick*,Julian Markels,,University of Illinois Press,164,,7/1/1993
"Unpainted to the Last: ""Moby Dick"" and Twentieth-century American Art",Elizabeth A. Schultz,,University Press of Kansas,400,,10/20/1995
Double Tap (Paul Madriani  #8),Steve Martini,,Jove Books,401,,12/27/2005
The List,Steve Martini,,Jove,451,,12/1/1997
Witches Abroad (Discworld  #12; Witches #3),Terry Pratchett,,HarperTorch,374,,7/30/2002
The Innocents Abroad,Mark Twain/Grover Gardner,,Modern Library,560,,2/11/2003
Teaching English Abroad,Susan  Griffith,,Vacation Work Publications,576,,1/1/2007
Theocritus: Select Poems: Select Poems,Theocritus/Kenneth James Dover,,Bristol Classical Press,395,,6/1/1991
The Shield. Catalogue of Women. Other Fragments. (Hesiod II),Hesiod/Glenn W. Most,,Harvard University Press,434,,3/1/2007
Death and the King's Horseman,Wole Soyinka/Simon Gikandi,,W. W. Norton & Company,254,,11/5/2002
The Time Machine,H.G. Wells/Patrick Parrinder/Steven McLean/Marina Warner,,Penguin Books Ltd,104,,3/31/2005
The Time Machine,H.G. Wells/Cynthia Brantley Johnson/Benjamin Beard,,Simon  Schuster,150,,7/1/2004
The Ultimate Time Machine: A Remote Viewer's Perception of Time & Predictions for the New Millennium,Joseph McMoneagle,,Hampton Roads Publishing Company,275,,10/1/1998
The Time Machine,H.G. Wells/Melvin Burgess,,Scholastic Paperbacks,123,,3/1/2004
The Complete Short Stories,H.G. Wells/John R. Hammond,,Orion Publishing,864,,5/1/2001
Selected Stories,H.G. Wells/Ursula K. Le Guin,,Modern Library,432,,7/13/2004
Tono-Bungay,H.G. Wells/Edward Mendelson/Patrick Parrinder,,Penguin Classics,414,,6/28/2005
The Name of the Rose (Everyman's Library (Cloth)),Umberto Eco,,Everyman's Library,560,,9/26/2006
In the Name of Jesus: Reflections on Christian Leadership,Henri J.M. Nouwen,,Crossroad,120,,10/1/1992
Blood Done Sign My Name: A True Story,Timothy B. Tyson,,Broadway Books,368,,5/3/2005
Blindness,José Saramago/Giovanni Pontiero,,Mariner Books,326,,10/4/1999
The Gospel According to Jesus Christ,José Saramago/Giovanni Pontiero,,Harcourt,377,,9/28/1994
All the Names,José Saramago/Margaret Jull Costa,,Mariner Books,245,,10/5/2001
The Tale of the Unknown Island,José Saramago/Peter Sís/Margaret Jull Costa,,Mariner Books,64,,10/5/2000
Baltasar and Blimunda,José Saramago/Giovanni Pontiero,,Mariner Books,346,,10/16/1998
The Cave,José Saramago/Margaret Jull Costa,,Mariner Books,307,,10/15/2003
The Stone Raft,José Saramago/Giovanni Pontiero,,Mariner Books,292,,6/14/1996
The Year of the Death of Ricardo Reis,José Saramago/Giovanni Pontiero,,Vintage Classics,384,,9/17/1998
El hombre duplicado,José Saramago/Pilar del Río,,Punto de Lectura,380,,9/1/2004
Ensayo sobre la lucidez,José Saramago/Pilar del Río,,Punto de Lectura,461,,1/1/2005
La caverna,José Saramago/Pilar del Río,,Punto de Lectura,441,,2/1/2003
The History of the Siege of Lisbon,José Saramago/Giovanni Pontiero,,Mariner Books,314,,9/1/1998
Las intermitencias de la muerte,José Saramago/Pilar del Río,,Alfaguara,274,,12/1/2005
The Treasured Writings of Kahlil Gibran,Kahlil Gibran,,Castle Books,902,,10/6/2009
The Prophet,Kahlil Gibran/جبران خليل جبران/Jihad El,,Rupa & Co,127,,1/1/2010
A Tear and a Smile,Kahlil Gibran/جبران خليل جبران/H.M. Nahmad/Robert Hillyer,,Alfred A.Knopf,228,,6/27/1950
On the Road,Jack Kerouac,,Penguin Books,320,,9/6/2005
On the Road,Jack Kerouac/Ann Charters,,Penguin Books,281,,2/24/2000
De Kooning: An American Master,Mark Stevens/Annalyn Swan,,Knopf Publishing Group,732,,4/4/2006
Willem de Kooning: Late Paintings,Julie Sylvester/David Sylvester,,Schirmer Mosel,83,,9/1/2006
Aké: The Years of Childhood,Wole Soyinka,,Vintage,230,,10/23/1989
Ready for Anything: 52 Productivity Principles for Getting Things Done,David    Allen,,Penguin Books,165,,12/28/2004
The Facilitator's Book of Questions: Tools for Looking Together at Student and Teacher Work,David  Allen/Tina Blythe/Gene Thompson-Grove,,Teachers College Press,142,,4/29/2004
Sun Tzu and the Art of Business: Six Strategic Principles for Managers,Sun Tzu/Mark McNeilly,,Oxford University Press  USA,272,,4/1/2000
Marketing Warfare,Al Ries/Jack Trout,,McGraw-Hill Education,216,,12/13/2005
The Tipping Point: How Little Things Can Make a Big Difference,Malcolm Gladwell,,Back Bay Books,301,,1/7/2002
Unleashing the Ideavirus: Stop Marketing AT People! Turn Your Ideas into Epidemics by Helping Your Customers Do the Marketing thing for You.,Seth Godin/Malcolm Gladwell,,Hachette Books,234,,10/10/2001
The Innovator's Dilemma: The Revolutionary Book that Will Change the Way You Do Business,Clayton M. Christensen/L.J. Ganser,,Harper Paperbacks,286,,1/7/2003
Great Expectations,Charles Dickens/David Trotter/Charlotte Mitchell,,Penguin Books,512,,12/31/2002
Great Expectations: Authoritative Text  Backgrounds  Contexts  Criticism,Charles Dickens/Edgar Rosenberg,,W.W. Norton & Company,776,,1/19/1999
Luther and Erasmus: Free Will and Salvation (Library of Christian Classics),Erasmus/Martin Luther/Philip S. Watson/E. Gordon Rupp,,Westminster John Knox Press,364,,1/1/1969
To Kill a Mockingbird,Harper Lee,,Harper Perennial Modern Classics,323,,7/5/2005
To Kill a Mockingbird,Harper Lee/Sissy Spacek,,Caedmon,11,,8/22/2006
To Kill a Mockingbird,Harper Lee,,Harper,323,,10/17/2006
The Wealthy Barber: Everyone's Common-Sense Guide to Becoming Financially Independent,David H. Chilton,,Prima Lifestyles,199,,9/20/1995
A Modest Proposal and Other Satirical Works,Jonathan Swift,,Dover Publications,64,,2/2/1996
Gulliver's Travels / A Modest Proposal,Jonathan Swift/Jesse Gale,,Simon  Schuster,416,,8/1/2005
Empire 2.0: A Modest Proposal for a United States of the West (Terra Nova),Xavier de C./Xavier de C./Joseph Rowe,,North Atlantic Books,144,,5/4/2004
The Bostonians,Henry James/R.D. Gooder,,Oxford University Press,504,,7/23/1998
Novels 1896–1899: The Other House / The Spoils of Poynton / What Maisie Knew / The Awkward Age,Henry James/Myra Jehlen,,Library of America,1035,,3/10/2003
Novels 1901–1902: The Sacred Fount / The Wings of the Dove,Henry James/Leo Bersani,,Library of America,713,,2/2/2006
Complete Stories 1892–1898,Henry James/John Hollander/David Bromwich,,Library of America,958,,1/1/1996
The Canterbury Tales,Geoffrey Chaucer/Nevill Coghill,,Penguin Classics,504,,1/30/2003
The Canterbury Tales,Geoffrey Chaucer/David  Wright,,Oxford University Press,465,,7/9/1998
The Canterbury Tales (original-spelling edition),Geoffrey Chaucer/Jill Mann,,Penguin Classics,1254,,4/7/2005
Chaucer's Canterbury Tales (Selected): An Interlinear Translation,Geoffrey Chaucer/Vincent Foster Hopper,,Barrons Educational Series,530,,12/31/1977
Oxford Guides to Chaucer: The Canterbury Tales,Helen  Cooper,,Oxford University Press  USA,456,,5/23/1996
Love Visions,Geoffrey Chaucer/Brian Stone,,Penguin Classics,272,,5/26/1983
Chaucer's Canterbury Tales,Geoffrey Chaucer,,Washington Square Press,383,,1/28/1964
The Riverside Chaucer,Geoffrey Chaucer/Larry Dean Benson/F.N. Robinson,,Houghton Mifflin,1327,,12/12/1987
The Portable Chaucer,Geoffrey Chaucer/Theodore Morrison,,Penguin Books,611,,5/26/1977
Salt: A World History,Mark Kurlansky,,Penguin Books,484,,1/28/2003
Salt in His Shoes: Michael Jordan in Pursuit of a Dream,Deloris Jordan/Kadir Nelson/Roslyn M. Jordan,,Simon  Schuster Books for Young Readers,32,,11/1/2003
The Book of Salt,Monique Truong,,Mariner Books,261,,6/15/2004
Cities of Salt (مدن الملح #1),Abdul Rahman Munif/Peter Theroux,,Vintage,627,,7/17/1989
The Years of Rice and Salt,Kim Stanley Robinson,,Bantam Books,763,,6/3/2003
Illuminations: Essays and Reflections,Walter Benjamin/Hannah Arendt/Harry Zohn/Leon Wieseltier,,Schocken,288,,1/13/1969
Saul Steinberg: Illuminations,Saul Steinberg/Joel Smith/Charles Simic,,Yale University Press,288,,11/1/2006
Advanced Global Illumination,Philip Dutre,,A K PETERS,366,,8/30/2006
Snow Falling On Cedars,David Guterson,,Bloomsbury Publishing PLC,404,,10/21/1999
The Lost Boy (Dave Pelzer #2),Dave Pelzer,,Health Communications Inc,331,,8/1/1997
Real Boys: Rescuing Our Sons from the Myths of Boyhood,William S. Pollack/Mary Pipher,,Owl Publishing Company,480,,5/10/1999
Microserfs,Douglas Coupland,,Harper Perennial,371,,1/1/2008
New Media Language,Jean Aitchison/Diana M. Lewis,,Routledge,209,,5/22/2003
The Denial of Death,Ernest Becker/Sam Keen/Daniel Goleman,,Free Press,336,,5/8/1997
A People's History of the United States,Howard Zinn,,Harper Perennial,729,,8/2/2005
A People's History of the United States,Howard Zinn/Kathy Emery/Ellen Gordon Reeves,,The New Press,619,,7/1/2003
A People's History of the United States: The Civil War to the Present,Howard Zinn/Kathy Emery/Ellen Gordon Reeves,,The New Press,496,,8/1/2003
Graphic Design: A Concise History (World of Art),Richard Hollis,,Thames  Hudson,232,,5/17/2002
Immigrant Acts: On Asian American Cultural Politics,Lisa Lowe,,Duke University Press Books,272,,10/21/1996
The Old Way of Seeing: How Architecture Lost Its Magic - And How to Get It Back,Jonathan Hale,,Mariner Books,256,,9/1/1995
The Crying of Lot 49,Thomas Pynchon,,Harper Perennial,152,,10/17/2006
E=mc²: A Biography of the World's Most Famous Equation,David Bodanis,,Berkley Trade,337,,10/1/2000
Passionate Minds,David Bodanis,,Crown Publishing Group (NY),373,,10/10/2006
Christian Mythmakers: C.S. Lewis  Madeleine L'Engle  J.R.R. Tolkien  George MacDonald  G.K. Chesterton  Charles Williams  Dante Alighieri  John Bunyan  Walter Wangerin  Robert Siegel  and Hannah Hurnard,Rolland Hein/Clyde S. Kilby,,Cornerstone Press Chicago,303,,12/1/2002
A House Like a Lotus (O'Keefe Family  #3),Madeleine L'Engle,,Dell,307,,11/1/1985
The Rock That Is Higher: Story as Truth,Madeleine L'Engle,,Shaw Books,320,,3/19/2002
The Glorious Impossible,Madeleine L'Engle/Giotto di Bondone,,Simon & Schuster Children's Publishing,64,,9/30/1990
A Full House: An Austin Family Christmas (Austin Family  #5.6),Madeleine L'Engle/Mary Chambers,,Shaw,48,,3/7/2000
A Circle of Quiet (Crosswicks Journals #1),Madeleine L'Engle,,HarperOne,246,,1/1/1984
The Birth of Tragedy and Other Writings,Friedrich Nietzsche/Raymond Geuss/Ronald Speirs,,Cambridge University Press,204,,4/22/1999
The Birth of Tragedy/The Genealogy of Morals,Friedrich Nietzsche/Francis Golffing,,Anchor,320,,5/7/1990
The Birth of Tragedy,Friedrich Nietzsche,,Kessinger Publishing,84,,6/17/2004
The Birth of Tragedy,Friedrich Nietzsche/Michael Tanner/Shaun Whiteside,,Penguin Classics,160,,11/27/2003
Birth Of A Tragedy: Kashmir 1947,Alastair Lamb,,Roxford Books,179,,3/14/2008
The Tragedy of Pudd'nhead Wilson/Those Extraordinary Twins,Mark Twain/David Lionel Smith/Sherley Anne Williams,,Oxford University Press  USA,512,,3/6/1997
The Tragedy of Pudd'nhead Wilson,Mark Twain/Michael Prichard,,Tantor Media,0,,1/1/2003
Bridge to Terabithia,Katherine Paterson/Donna Diamond,,HarperTeen,191,,7/1/2008
Literature Circle Guide: Bridge to Terabithia: Everything You Need For Successful Literature Circles That Get Kids Thinking  Talking  Writing—and Loving Literature,Tara MacCarthy,,Teaching Resources,32,,1/1/2002
Bread and Roses  Too,Katherine Paterson,,Clarion Books,275,,9/4/2006
The Invisible Child,Katherine Paterson,,Dutton Juvenile,266,,12/31/2001
A Short History of Decay,Emil M. Cioran/Richard Howard,,Arcade Publishing,186,,9/15/1998
Scholar of Decay (Ravenloft  #14),Tanya Huff,,TSR,313,,5/1/2000
Girl with a Pearl Earring,Tracy Chevalier,,Plume Books,233,,9/30/2003
The Golden Tulip,Rosalind Laker,,Doubleday,585,,9/1/1991
Burning Bright,Tracy Chevalier,,Dutton,320,,3/20/2007
Falling Angels,Tracy Chevalier,,Penguin Books,336,,9/24/2002
The Virgin Blue,Tracy Chevalier,,Penguin Books,304,,6/24/2003
Wenn Engel fallen,Tracy Chevalier,,List,384,,2/1/2002